Fleetio ID,Vehicle Name,Date,Meter Type,Meter Value,Meter Unit,Void,Auto Void Reason,Meter Source,Created On (Pacific Time (US & Canada)),Updated On (Pacific Time (US & Canada)),Vehicle Group,Vehicle Year,Vehicle Make,Vehicle Model,Vehicle Trim,Vehicle Type,Vehicle Status,Vehicle VIN/SN,Date Rental Rates Updated,Rental Rate Description,Hourly Rental Rate,Daily Rental Rate,Weekly Rental Rate,Monthly Rental Rate,Drain Plug Size,Napa Oil Filter (capacity),Napa Fuel Filter,NAPA Air Filter (Outer),NAPA Air Filter (Inner),NAPA Fuel/Water Separator,NAPA Coolant Filter,NAPA Hydraulic Filter,NAPA Transmission Filter,NAPA Fan Belt,NAPA AC Belt,Antifreeze,Cost to Replace,Sold Price,Sold Date
1391572012,EX12,09/21/2026,Primary,5689.0,hr,FALSE,,Manual,09/21/2026 06:55:20 AM,09/21/2026 06:55:20 AM,,2016,Caterpillar,325FL CR,,Excavator,Active,CAT0325FEXAA00419,,"","","","","","","","","","","","","","","","","","","",
1391571386,ME9,09/21/2026,Primary,617.0,hr,FALSE,,Manual,09/21/2026 06:54:24 AM,09/21/2026 06:54:24 AM,,2025,Caterpillar,304CRCB,,Mini Excavator,Active,AN406574,,"","","","","","","","","","","","","","","","","","","",
1391570273,ME5,09/21/2026,Primary,6370.0,hr,FALSE,,Manual,09/21/2026 06:52:47 AM,09/21/2026 06:52:47 AM,,2018,Caterpillar,308E2 CRCB,,Mini Excavator,Active,0FJX10204,,"",$102.00,$415.00,"$1,680.00","$5,032.00","","",9462,9463 / CAT 415-2593,"","","","","","","","","","",
1391538955,EX11,09/21/2026,Primary,3783.0,hr,FALSE,,Manual,09/21/2026 06:14:08 AM,09/21/2026 06:14:08 AM,,2018,Caterpillar,320GC,,Excavator,Active,CAT320GCKKTN00183,,"","","","","","","","","","","","","","","","","","","",
1391538227,FL6,09/21/2026,Primary,4809.0,hr,FALSE,,Manual,09/21/2026 06:12:32 AM,09/21/2026 06:12:32 AM,,2010,Skytrak,10054,,Forklift,Active,160039212,,"",$96.00,$550.00,"$1,536.00","$5,376.00","",7182,"3732, 3682","","","","","","","","","","","",
1391537166,WL3,09/21/2026,Primary,12746.0,hr,FALSE,,Manual,09/21/2026 06:10:37 AM,09/21/2026 06:10:37 AM,,2008,John Deere,544J,,Wheel Loader,Active,DW544JZ619585,,"",$187.00,$748.00,"$3,019.00","$8,738.00","",7750S,"3248, 3977, 3978",600104,"","","","","","","","","","",
1391536265,EX13,09/21/2026,Primary,3642.0,hr,FALSE,,Manual,09/21/2026 06:08:49 AM,09/21/2026 06:08:49 AM,,2016,Hitachi,ZX135,,Excavator,Active,HCMDAEA1K00097613,,"","","","","","","","","","","","","","","","","","","",
1391529772,RL8,09/21/2026,Primary,752.0,hr,FALSE,,Manual,09/21/2026 05:55:40 AM,09/21/2026 05:55:40 AM,,2011,HAMM,HD12,,Roller,Active,H2001478,,"","","","","","","","","","","","","","","","","","","",
1391529373,BL7,09/21/2026,Primary,4830.0,hr,FALSE,,Manual,09/21/2026 05:55:02 AM,09/21/2026 05:55:02 AM,,2015,Genie,S-60X,,Boom Lift,Active,S60X15A-29786,,"","","","","","","","","","","","","","","","","","","",
1391528083,FL5,09/21/2026,Primary,8292.0,hr,FALSE,,Manual,09/21/2026 05:53:47 AM,09/21/2026 05:53:47 AM,,2013,JLG,G12-55A,,Forklift,Active,160048663,,"",$96.00,$550.00,"$1,536.00","$5,376.00","",7182,Fleetguard FF 63009,AF55021,AF55312,"","","","","","","","","",
1391527806,BH1,09/21/2026,Primary,4530.0,hr,FALSE,,Manual,09/21/2026 05:53:11 AM,09/21/2026 05:53:11 AM,,2007,Caterpillar,420E,,Backhoe,Active,CAT0420ECHLS04735,,"",$92.00,$365.00,"$1,351.00","$4,043.00","",1459,3609,9108,9109,"","","","","","","","","",
1391527560,ME7,09/21/2026,Primary,5482.0,hr,FALSE,,Manual,09/21/2026 05:52:42 AM,09/21/2026 05:52:42 AM,,2018,Caterpillar,305E2 CRCB,,Mini Excavator,Active,0H5M07082,,"",$102.00,$415.00,"$1,680.00","$5,032.00","","",600586 / CAT 363-5819 Incline,9462,9463 / CAT 415-2593,"","","","","","","","","",
1382850340,EX13,09/14/2026,Primary,3622.0,hr,FALSE,,Manual,09/14/2026 03:25:17 PM,09/14/2026 03:25:17 PM,,2016,Hitachi,ZX135,,Excavator,Active,HCMDAEA1K00097613,,"","","","","","","","","","","","","","","","","","","",
1382496962,ME5,09/14/2026,Primary,6368.0,hr,FALSE,,Manual,09/14/2026 06:18:44 AM,09/14/2026 06:18:44 AM,,2018,Caterpillar,308E2 CRCB,,Mini Excavator,Active,0FJX10204,,"",$102.00,$415.00,"$1,680.00","$5,032.00","","",9462,9463 / CAT 415-2593,"","","","","","","","","","",
1382496487,ME9,09/14/2026,Primary,612.0,hr,FALSE,,Manual,09/14/2026 06:17:43 AM,09/14/2026 06:17:43 AM,,2025,Caterpillar,304CRCB,,Mini Excavator,Active,AN406574,,"","","","","","","","","","","","","","","","","","","",
1382494467,DZ4,09/14/2026,Primary,4585.0,hr,FALSE,,Manual,09/14/2026 06:15:13 AM,09/14/2026 06:15:13 AM,,2015,Caterpillar,D6K2 XLT,,Bulldozer,Active,WMR00849,,"","","","","","","","","","","","","","","","","","","",
1382493201,EX12,09/14/2026,Primary,5686.0,hr,FALSE,,Manual,09/14/2026 06:11:56 AM,09/14/2026 06:11:56 AM,,2016,Caterpillar,325FL CR,,Excavator,Active,CAT0325FEXAA00419,,"","","","","","","","","","","","","","","","","","","",
1382491429,WL1,09/14/2026,Primary,14723.0,hr,FALSE,,Manual,09/14/2026 06:08:31 AM,09/14/2026 06:08:31 AM,,2008,John Deere,624J,,Wheel Loader,Active,DW624JZ617237,,"",$187.00,$748.00,"$3,019.00","$8,738.00","",7750S - 6 Gal,3977 / 3978,6922,6923,"","","","","","","","","",
1382490248,EX11,09/14/2026,Primary,3770.0,hr,FALSE,,Manual,09/14/2026 06:06:36 AM,09/14/2026 06:06:36 AM,,2018,Caterpillar,320GC,,Excavator,Active,CAT320GCKKTN00183,,"","","","","","","","","","","","","","","","","","","",
1382489042,BH4,09/14/2026,Primary,5437.0,hr,FALSE,,Manual,09/14/2026 06:04:37 AM,09/14/2026 06:04:37 AM,,2006,John Deere,310SG,,Backhoe,Active,TO310SG960924,,"",$77.50,$310.00,"$1,220.00","$3,660.00","",7750S - 3.25 Gal,3668,6562,6569,"","",7624,7201,"","","","","",
1382488569,FL9,09/14/2026,Primary,5648.0,hr,FALSE,,Manual,09/14/2026 06:03:35 AM,09/14/2026 06:03:35 AM,,2008,JLG,G10-55A,,Forklift,Active,016003708,,"","","","","","","","","","","","","","","","","","","",
1382468960,FL6,09/14/2026,Primary,4796.0,hr,FALSE,,Manual,09/14/2026 05:26:14 AM,09/14/2026 05:26:14 AM,,2010,Skytrak,10054,,Forklift,Active,160039212,,"",$96.00,$550.00,"$1,536.00","$5,376.00","",7182,"3732, 3682","","","","","","","","","","","",
1382459121,BL7,09/14/2026,Primary,4825.0,hr,FALSE,,Manual,09/14/2026 05:10:09 AM,09/14/2026 05:10:09 AM,,2015,Genie,S-60X,,Boom Lift,Active,S60X15A-29786,,"","","","","","","","","","","","","","","","","","","",
1382458268,FL5,09/14/2026,Primary,8285.0,hr,FALSE,,Manual,09/14/2026 05:08:34 AM,09/14/2026 05:08:34 AM,,2013,JLG,G12-55A,,Forklift,Active,160048663,,"",$96.00,$550.00,"$1,536.00","$5,376.00","",7182,Fleetguard FF 63009,AF55021,AF55312,"","","","","","","","","",
1382457613,RL8,09/14/2026,Primary,750.0,hr,FALSE,,Manual,09/14/2026 05:07:52 AM,09/14/2026 05:07:52 AM,,2011,HAMM,HD12,,Roller,Active,H2001478,,"","","","","","","","","","","","","","","","","","","",
1382456210,ME7,09/14/2026,Primary,5454.0,hr,FALSE,,Manual,09/14/2026 05:06:39 AM,09/14/2026 05:06:39 AM,,2018,Caterpillar,305E2 CRCB,,Mini Excavator,Active,0H5M07082,,"",$102.00,$415.00,"$1,680.00","$5,032.00","","",600586 / CAT 363-5819 Incline,9462,9463 / CAT 415-2593,"","","","","","","","","",
1382454299,BH1,09/14/2026,Primary,4524.0,hr,FALSE,,Manual,09/14/2026 05:02:59 AM,09/14/2026 05:02:59 AM,,2007,Caterpillar,420E,,Backhoe,Active,CAT0420ECHLS04735,,"",$92.00,$365.00,"$1,351.00","$4,043.00","",1459,3609,9108,9109,"","","","","","","","","",
1349262311,ST5,08/18/2026,Primary,203144.0,mi,FALSE,,Service Entry #53643111,08/18/2026 02:05:10 PM,08/18/2026 02:05:10 PM,Fleet,2011,RAM,5500,,Service Truck,Active,3D6WU7CL4BG500622,,"",$102.00,$415.00,"$1,680.00","$5,032.00","",7620,"","","","","","","","","","","","",
1349262272,ST5,08/18/2026,Primary,203144.0,mi,FALSE,,Work Order #118,08/18/2026 02:05:07 PM,08/18/2026 02:05:07 PM,Fleet,2011,RAM,5500,,Service Truck,Active,3D6WU7CL4BG500622,,"",$102.00,$415.00,"$1,680.00","$5,032.00","",7620,"","","","","","","","","","","","",
1347464174,ST5,08/18/2026,Primary,203144.0,mi,FALSE,,Work Order #118,08/17/2026 07:12:25 AM,08/18/2026 02:05:07 PM,Fleet,2011,RAM,5500,,Service Truck,Active,3D6WU7CL4BG500622,,"",$102.00,$415.00,"$1,680.00","$5,032.00","",7620,"","","","","","","","","","","","",
1344959755,DT1,08/14/2026,Primary,335705.0,mi,FALSE,,Work Order #117,08/14/2026 09:56:44 AM,08/14/2026 09:56:44 AM,Fleet,2007,Kenworth,W900,,Dump Truck,Active,1NKWXB0X07R159782,,"",$131.00,$525.00,"$2,090.00","$5,940.00","",1792 - 9 Gal,3412 & 3674,"","","",4070,"","","","","","","",
1313848462,ME7,07/21/2026,Primary,5302.0,hr,FALSE,,Manual,07/21/2026 07:27:16 AM,07/21/2026 07:27:16 AM,,2018,Caterpillar,305E2 CRCB,,Mini Excavator,Active,0H5M07082,,"",$102.00,$415.00,"$1,680.00","$5,032.00","","",600586 / CAT 363-5819 Incline,9462,9463 / CAT 415-2593,"","","","","","","","","",
1313848162,ME5,07/21/2026,Primary,6269.0,hr,FALSE,,Manual,07/21/2026 07:26:39 AM,07/21/2026 07:26:39 AM,,2018,Caterpillar,308E2 CRCB,,Mini Excavator,Active,0FJX10204,,"",$102.00,$415.00,"$1,680.00","$5,032.00","","",9462,9463 / CAT 415-2593,"","","","","","","","","","",
1313842654,DZ4,07/21/2026,Primary,4531.0,hr,FALSE,,Manual,07/21/2026 07:17:04 AM,07/21/2026 07:17:04 AM,,2015,Caterpillar,D6K2 XLT,,Bulldozer,Active,WMR00849,,"","","","","","","","","","","","","","","","","","","",
1313832275,WL1,07/21/2026,Primary,14620.0,hr,FALSE,,Manual,07/21/2026 07:04:52 AM,07/21/2026 07:04:52 AM,,2008,John Deere,624J,,Wheel Loader,Active,DW624JZ617237,,"",$187.00,$748.00,"$3,019.00","$8,738.00","",7750S - 6 Gal,3977 / 3978,6922,6923,"","","","","","","","","",
1313777241,EX12,07/21/2026,Primary,5534.0,hr,FALSE,,Manual,07/21/2026 05:48:28 AM,07/21/2026 05:48:28 AM,,2016,Caterpillar,325FL CR,,Excavator,Active,CAT0325FEXAA00419,,"","","","","","","","","","","","","","","","","","","",
1306773979,ME9,07/15/2026,Primary,584.0,hr,FALSE,,Manual,07/15/2026 06:23:06 AM,07/15/2026 06:23:06 AM,,2025,Caterpillar,304CRCB,,Mini Excavator,Active,AN406574,,"","","","","","","","","","","","","","","","","","","",
1299070100,PU10,07/09/2026,Primary,45863.0,mi,FALSE,,Service Entry #51256118,07/10/2026 12:21:32 PM,07/10/2026 12:21:32 PM,Fleet,2024,Toyota,Tundra,Capstone HV,Pickup,Active,5TFVC5DB6RX056048,,"","","","","","","","","","","","","","","","","","","",
1296343665,WL3,07/08/2026,Primary,12738.0,hr,FALSE,,Manual,07/08/2026 06:45:29 AM,07/08/2026 06:45:29 AM,,2008,John Deere,544J,,Wheel Loader,Active,DW544JZ619585,,"",$187.00,$748.00,"$3,019.00","$8,738.00","",7750S,"3248, 3977, 3978",600104,"","","","","","","","","","",
1296340450,FL5,07/08/2026,Primary,8211.0,hr,FALSE,,Manual,07/08/2026 06:39:03 AM,07/08/2026 06:39:03 AM,,2013,JLG,G12-55A,,Forklift,Active,160048663,,"",$96.00,$550.00,"$1,536.00","$5,376.00","",7182,Fleetguard FF 63009,AF55021,AF55312,"","","","","","","","","",
1296340076,ME7,07/08/2026,Primary,5269.0,hr,FALSE,,Manual,07/08/2026 06:38:22 AM,07/08/2026 06:38:22 AM,,2018,Caterpillar,305E2 CRCB,,Mini Excavator,Active,0H5M07082,,"",$102.00,$415.00,"$1,680.00","$5,032.00","","",600586 / CAT 363-5819 Incline,9462,9463 / CAT 415-2593,"","","","","","","","","",
1296339635,BL7,07/08/2026,Primary,4760.0,hr,FALSE,,Manual,07/08/2026 06:37:53 AM,07/08/2026 06:37:53 AM,,2015,Genie,S-60X,,Boom Lift,Active,S60X15A-29786,,"","","","","","","","","","","","","","","","","","","",
1296302778,EX12,07/08/2026,Primary,5483.0,hr,FALSE,,Manual,07/08/2026 05:51:49 AM,07/08/2026 05:51:49 AM,,2016,Caterpillar,325FL CR,,Excavator,Active,CAT0325FEXAA00419,,"","","","","","","","","","","","","","","","","","","",
1296302271,ME5,07/08/2026,Primary,6246.0,hr,FALSE,,Manual,07/08/2026 05:50:47 AM,07/08/2026 05:50:47 AM,,2018,Caterpillar,308E2 CRCB,,Mini Excavator,Active,0FJX10204,,"",$102.00,$415.00,"$1,680.00","$5,032.00","","",9462,9463 / CAT 415-2593,"","","","","","","","","","",
1293989522,DT2,07/06/2026,Primary,538901.0,mi,FALSE,,Service Entry #51013674,07/06/2026 02:14:33 PM,07/06/2026 02:14:33 PM,Fleet,2006,Kenworth,T800,,Dump Truck,Active,1NKDXB0X76R138191,,"",$124.00,$497.00,"$1,980.00","$6,270.00","","","","","","","","","","","","","","",
1293989419,DT2,07/02/2026,Primary,538901.0,mi,FALSE,,Work Order #115,07/06/2026 02:14:15 PM,07/06/2026 02:14:15 PM,Fleet,2006,Kenworth,T800,,Dump Truck,Active,1NKDXB0X76R138191,,"",$124.00,$497.00,"$1,980.00","$6,270.00","","","","","","","","","","","","","","",
1293987913,ST4,06/30/2026,Primary,155786.0,mi,FALSE,,Service Entry #51013581,07/06/2026 02:10:04 PM,07/06/2026 02:10:04 PM,Fleet,2017,Ford,F-450 Super Duty,,Service Truck,Active,1FD0W4HT2HED69098,,"",$102.00,$415.00,"$1,680.00","$5,032.00","","","","","","","","","","","","","","",
1287400464,ST4,06/30/2026,Primary,155786.0,mi,FALSE,,Work Order #114,07/06/2026 02:10:04 PM,07/06/2026 02:10:04 PM,Fleet,2017,Ford,F-450 Super Duty,,Service Truck,Active,1FD0W4HT2HED69098,,"",$102.00,$415.00,"$1,680.00","$5,032.00","","","","","","","","","","","","","","",
1287400463,ST4,06/30/2026,Primary,155786.0,mi,FALSE,,Work Order #114,06/30/2026 07:21:27 AM,06/30/2026 07:21:27 AM,Fleet,2017,Ford,F-450 Super Duty,,Service Truck,Active,1FD0W4HT2HED69098,,"",$102.00,$415.00,"$1,680.00","$5,032.00","","","","","","","","","","","","","","",
1274055493,BL5,06/29/2026,Primary,1604.0,hr,FALSE,,Work Order #112,06/18/2026 01:45:50 PM,06/18/2026 01:45:50 PM,,2014,JLG,450AJ,,Articulated Boom Lift,In Shop,300194724,,"",$90.00,$495.00,"$1,520.00","$3,128.00","",1342,3943,"","","","","","","","","","","",
1283138788,ME9,06/26/2026,Primary,578.0,hr,FALSE,,Manual,06/26/2026 06:32:32 AM,06/26/2026 06:32:32 AM,,2025,Caterpillar,304CRCB,,Mini Excavator,Active,AN406574,,"","","","","","","","","","","","","","","","","","","",
1283138282,WL3,06/26/2026,Primary,12727.0,hr,FALSE,,Manual,06/26/2026 06:31:02 AM,06/26/2026 06:31:02 AM,,2008,John Deere,544J,,Wheel Loader,Active,DW544JZ619585,,"",$187.00,$748.00,"$3,019.00","$8,738.00","",7750S,"3248, 3977, 3978",600104,"","","","","","","","","","",
1283135566,FL5,06/26/2026,Primary,8199.0,hr,FALSE,,Manual,06/26/2026 06:26:45 AM,06/26/2026 06:26:45 AM,,2013,JLG,G12-55A,,Forklift,Active,160048663,,"",$96.00,$550.00,"$1,536.00","$5,376.00","",7182,Fleetguard FF 63009,AF55021,AF55312,"","","","","","","","","",
1283129800,ME7,06/26/2026,Primary,5261.0,hr,FALSE,,Manual,06/26/2026 06:19:27 AM,06/26/2026 06:19:27 AM,,2018,Caterpillar,305E2 CRCB,,Mini Excavator,Active,0H5M07082,,"",$102.00,$415.00,"$1,680.00","$5,032.00","","",600586 / CAT 363-5819 Incline,9462,9463 / CAT 415-2593,"","","","","","","","","",
1283123469,EX12,06/26/2026,Primary,5452.0,hr,FALSE,,Manual,06/26/2026 06:02:38 AM,06/26/2026 06:02:38 AM,,2016,Caterpillar,325FL CR,,Excavator,Active,CAT0325FEXAA00419,,"","","","","","","","","","","","","","","","","","","",
1283123323,ME5,06/26/2026,Primary,6227.0,hr,FALSE,,Manual,06/26/2026 06:02:16 AM,06/26/2026 06:02:16 AM,,2018,Caterpillar,308E2 CRCB,,Mini Excavator,Active,0FJX10204,,"",$102.00,$415.00,"$1,680.00","$5,032.00","","",9462,9463 / CAT 415-2593,"","","","","","","","","","",
1274980574,DT1,06/19/2026,Primary,331729.0,mi,FALSE,,Service Entry #50297014,06/19/2026 08:21:06 AM,06/19/2026 08:21:06 AM,Fleet,2007,Kenworth,W900,,Dump Truck,Active,1NKWXB0X07R159782,,"",$131.00,$525.00,"$2,090.00","$5,940.00","",1792 - 9 Gal,3412 & 3674,"","","",4070,"","","","","","","",
1274980565,DT1,06/19/2026,Primary,331729.0,mi,FALSE,,Work Order #113,06/19/2026 08:21:05 AM,06/19/2026 08:21:05 AM,Fleet,2007,Kenworth,W900,,Dump Truck,Active,1NKWXB0X07R159782,,"",$131.00,$525.00,"$2,090.00","$5,940.00","",1792 - 9 Gal,3412 & 3674,"","","",4070,"","","","","","","",
1274928688,DT1,06/19/2026,Primary,331729.0,mi,FALSE,,Work Order #113,06/19/2026 06:36:01 AM,06/19/2026 06:36:01 AM,Fleet,2007,Kenworth,W900,,Dump Truck,Active,1NKWXB0X07R159782,,"",$131.00,$525.00,"$2,090.00","$5,940.00","",1792 - 9 Gal,3412 & 3674,"","","",4070,"","","","","","","",
1274923076,WL3,06/19/2026,Primary,12714.0,hr,FALSE,,Manual,06/19/2026 06:23:09 AM,06/19/2026 06:23:09 AM,,2008,John Deere,544J,,Wheel Loader,Active,DW544JZ619585,,"",$187.00,$748.00,"$3,019.00","$8,738.00","",7750S,"3248, 3977, 3978",600104,"","","","","","","","","","",
1274922854,FL5,06/19/2026,Primary,8191.0,hr,FALSE,,Manual,06/19/2026 06:22:36 AM,06/19/2026 06:22:36 AM,,2013,JLG,G12-55A,,Forklift,Active,160048663,,"",$96.00,$550.00,"$1,536.00","$5,376.00","",7182,Fleetguard FF 63009,AF55021,AF55312,"","","","","","","","","",
1274922711,ME7,06/19/2026,Primary,5248.0,hr,FALSE,,Manual,06/19/2026 06:22:14 AM,06/19/2026 06:22:14 AM,,2018,Caterpillar,305E2 CRCB,,Mini Excavator,Active,0H5M07082,,"",$102.00,$415.00,"$1,680.00","$5,032.00","","",600586 / CAT 363-5819 Incline,9462,9463 / CAT 415-2593,"","","","","","","","","",
1274922476,ME9,06/19/2026,Primary,572.0,hr,FALSE,,Manual,06/19/2026 06:21:43 AM,06/19/2026 06:21:43 AM,,2025,Caterpillar,304CRCB,,Mini Excavator,Active,AN406574,,"","","","","","","","","","","","","","","","","","","",
1274921714,RL8,06/19/2026,Primary,749.0,hr,FALSE,,Manual,06/19/2026 06:20:12 AM,06/19/2026 06:20:12 AM,,2011,HAMM,HD12,,Roller,Active,H2001478,,"","","","","","","","","","","","","","","","","","","",
1274919796,ME5,06/19/2026,Primary,6203.0,hr,FALSE,,Manual,06/19/2026 06:16:52 AM,06/19/2026 06:16:52 AM,,2018,Caterpillar,308E2 CRCB,,Mini Excavator,Active,0FJX10204,,"",$102.00,$415.00,"$1,680.00","$5,032.00","","",9462,9463 / CAT 415-2593,"","","","","","","","","","",
1274047989,ST4,06/18/2026,Primary,155431.0,mi,FALSE,,Service Entry #50277880,06/18/2026 01:29:34 PM,06/18/2026 01:29:34 PM,Fleet,2017,Ford,F-450 Super Duty,,Service Truck,Active,1FD0W4HT2HED69098,,"",$102.00,$415.00,"$1,680.00","$5,032.00","","","","","","","","","","","","","","",
1274047987,ST4,06/18/2026,Primary,155431.0,mi,FALSE,,Work Order #111,06/18/2026 01:29:34 PM,06/18/2026 01:29:34 PM,Fleet,2017,Ford,F-450 Super Duty,,Service Truck,Active,1FD0W4HT2HED69098,,"",$102.00,$415.00,"$1,680.00","$5,032.00","","","","","","","","","","","","","","",
1271250221,ST6,06/16/2026,Primary,114520.0,mi,FALSE,,Inspection #112411568,06/16/2026 06:55:17 AM,06/16/2026 06:55:17 AM,Fleet,2016,Ford,F-550 Super Duty,4WD Crew Cab,Service Truck,Active,1FD0W5HT9GED17018,,"","","","","","","","","","","","","","","","","","","",
1271247227,ST6,06/16/2026,Primary,114520.0,mi,FALSE,,Manual,06/16/2026 06:49:44 AM,06/16/2026 06:49:44 AM,Fleet,2016,Ford,F-550 Super Duty,4WD Crew Cab,Service Truck,Active,1FD0W5HT9GED17018,,"","","","","","","","","","","","","","","","","","","",
1271246183,EX12,06/16/2026,Primary,5426.0,hr,FALSE,,Manual,06/16/2026 06:47:16 AM,06/16/2026 06:47:16 AM,,2016,Caterpillar,325FL CR,,Excavator,Active,CAT0325FEXAA00419,,"","","","","","","","","","","","","","","","","","","",
1269971883,ME7,06/15/2026,Primary,5248.0,hr,FALSE,,Manual,06/15/2026 06:32:45 AM,06/15/2026 06:32:45 AM,,2018,Caterpillar,305E2 CRCB,,Mini Excavator,Active,0H5M07082,,"",$102.00,$415.00,"$1,680.00","$5,032.00","","",600586 / CAT 363-5819 Incline,9462,9463 / CAT 415-2593,"","","","","","","","","",
1269971455,ME5,06/15/2026,Primary,6189.0,hr,FALSE,,Manual,06/15/2026 06:31:49 AM,06/15/2026 06:31:49 AM,,2018,Caterpillar,308E2 CRCB,,Mini Excavator,Active,0FJX10204,,"",$102.00,$415.00,"$1,680.00","$5,032.00","","",9462,9463 / CAT 415-2593,"","","","","","","","","","",
1269953500,WL3,06/15/2026,Primary,12707.0,hr,FALSE,,Manual,06/15/2026 06:19:31 AM,06/15/2026 06:19:31 AM,,2008,John Deere,544J,,Wheel Loader,Active,DW544JZ619585,,"",$187.00,$748.00,"$3,019.00","$8,738.00","",7750S,"3248, 3977, 3978",600104,"","","","","","","","","","",
1269951561,RL8,06/15/2026,Primary,749.0,hr,FALSE,,Manual,06/15/2026 06:16:57 AM,06/15/2026 06:16:57 AM,,2011,HAMM,HD12,,Roller,Active,H2001478,,"","","","","","","","","","","","","","","","","","","",
1269950774,ME9,06/15/2026,Primary,560.0,hr,FALSE,,Manual,06/15/2026 06:16:13 AM,06/15/2026 06:16:13 AM,,2025,Caterpillar,304CRCB,,Mini Excavator,Active,AN406574,,"","","","","","","","","","","","","","","","","","","",
1269950155,EX11,06/15/2026,Primary,3679.0,hr,FALSE,,Manual,06/15/2026 06:15:32 AM,06/15/2026 06:15:32 AM,,2018,Caterpillar,320GC,,Excavator,Active,CAT320GCKKTN00183,,"","","","","","","","","","","","","","","","","","","",
1269949295,BH1,06/15/2026,Primary,4484.0,hr,FALSE,,Manual,06/15/2026 06:14:46 AM,06/15/2026 06:14:46 AM,,2007,Caterpillar,420E,,Backhoe,Active,CAT0420ECHLS04735,,"",$92.00,$365.00,"$1,351.00","$4,043.00","",1459,3609,9108,9109,"","","","","","","","","",
1261929843,SW4,06/08/2026,Primary,1157.0,hr,FALSE,,Service Entry #49844662,06/08/2026 12:41:47 PM,06/08/2026 12:41:47 PM,,2018,Laymore,SM300,8' Towable Ride-on Broom Street Sweeper,Sweeper,Active,Serial 39089,,"","","","","","","","","","","","","","","","","","","",
1261929842,SW4,06/08/2026,Primary,1157.0,hr,FALSE,,Work Order #106,06/08/2026 12:41:47 PM,06/08/2026 12:41:47 PM,,2018,Laymore,SM300,8' Towable Ride-on Broom Street Sweeper,Sweeper,Active,Serial 39089,,"","","","","","","","","","","","","","","","","","","",
1261674778,BH1,06/08/2026,Primary,4476.0,hr,FALSE,,Manual,06/08/2026 06:10:10 AM,06/08/2026 06:10:10 AM,,2007,Caterpillar,420E,,Backhoe,Active,CAT0420ECHLS04735,,"",$92.00,$365.00,"$1,351.00","$4,043.00","",1459,3609,9108,9109,"","","","","","","","","",
1258687371,FL5,06/05/2026,Primary,8175.0,hr,FALSE,,Manual,06/05/2026 06:02:54 AM,06/05/2026 06:02:54 AM,,2013,JLG,G12-55A,,Forklift,Active,160048663,,"",$96.00,$550.00,"$1,536.00","$5,376.00","",7182,Fleetguard FF 63009,AF55021,AF55312,"","","","","","","","","",
1258686815,ME9,06/05/2026,Primary,552.0,hr,FALSE,,Manual,06/05/2026 06:01:11 AM,06/05/2026 06:01:11 AM,,2025,Caterpillar,304CRCB,,Mini Excavator,Active,AN406574,,"","","","","","","","","","","","","","","","","","","",
1258685618,WL3,06/05/2026,Primary,12697.0,hr,FALSE,,Manual,06/05/2026 05:58:30 AM,06/05/2026 05:58:30 AM,,2008,John Deere,544J,,Wheel Loader,Active,DW544JZ619585,,"",$187.00,$748.00,"$3,019.00","$8,738.00","",7750S,"3248, 3977, 3978",600104,"","","","","","","","","","",
1258683936,ME7,06/05/2026,Primary,5219.0,hr,FALSE,,Manual,06/05/2026 05:53:13 AM,06/05/2026 05:53:13 AM,,2018,Caterpillar,305E2 CRCB,,Mini Excavator,Active,0H5M07082,,"",$102.00,$415.00,"$1,680.00","$5,032.00","","",600586 / CAT 363-5819 Incline,9462,9463 / CAT 415-2593,"","","","","","","","","",
1258768380,ST4,06/04/2026,Primary,155431.0,mi,FALSE,,Work Order #111,06/05/2026 08:05:04 AM,06/05/2026 08:05:04 AM,Fleet,2017,Ford,F-450 Super Duty,,Service Truck,Active,1FD0W4HT2HED69098,,"",$102.00,$415.00,"$1,680.00","$5,032.00","","","","","","","","","","","","","","",
1250438772,ME9,05/29/2026,Primary,536.0,hr,FALSE,,Manual,05/29/2026 05:49:33 AM,05/29/2026 05:49:33 AM,,2025,Caterpillar,304CRCB,,Mini Excavator,Active,AN406574,,"","","","","","","","","","","","","","","","","","","",
1250438121,EX11,05/29/2026,Primary,3678.0,hr,FALSE,,Manual,05/29/2026 05:47:20 AM,05/29/2026 05:47:20 AM,,2018,Caterpillar,320GC,,Excavator,Active,CAT320GCKKTN00183,,"","","","","","","","","","","","","","","","","","","",
1250437850,FL5,05/29/2026,Primary,8166.0,hr,FALSE,,Manual,05/29/2026 05:46:22 AM,05/29/2026 05:46:22 AM,,2013,JLG,G12-55A,,Forklift,Active,160048663,,"",$96.00,$550.00,"$1,536.00","$5,376.00","",7182,Fleetguard FF 63009,AF55021,AF55312,"","","","","","","","","",
1250437657,ME5,05/29/2026,Primary,6184.0,hr,FALSE,,Manual,05/29/2026 05:45:41 AM,05/29/2026 05:45:41 AM,,2018,Caterpillar,308E2 CRCB,,Mini Excavator,Active,0FJX10204,,"",$102.00,$415.00,"$1,680.00","$5,032.00","","",9462,9463 / CAT 415-2593,"","","","","","","","","","",
1250436589,WL3,05/29/2026,Primary,12691.0,hr,FALSE,,Manual,05/29/2026 05:42:18 AM,05/29/2026 05:42:18 AM,,2008,John Deere,544J,,Wheel Loader,Active,DW544JZ619585,,"",$187.00,$748.00,"$3,019.00","$8,738.00","",7750S,"3248, 3977, 3978",600104,"","","","","","","","","","",
1250436103,ME7,05/29/2026,Primary,5188.0,hr,FALSE,,Manual,05/29/2026 05:40:38 AM,05/29/2026 05:40:38 AM,,2018,Caterpillar,305E2 CRCB,,Mini Excavator,Active,0H5M07082,,"",$102.00,$415.00,"$1,680.00","$5,032.00","","",600586 / CAT 363-5819 Incline,9462,9463 / CAT 415-2593,"","","","","","","","","",
1250435876,RL8,05/29/2026,Primary,746.0,hr,FALSE,,Manual,05/29/2026 05:39:47 AM,05/29/2026 05:39:47 AM,,2011,HAMM,HD12,,Roller,Active,H2001478,,"","","","","","","","","","","","","","","","","","","",
1246718411,FL5,05/26/2026,Primary,8155.0,hr,FALSE,,Manual,05/26/2026 05:52:14 AM,05/26/2026 05:52:14 AM,,2013,JLG,G12-55A,,Forklift,Active,160048663,,"",$96.00,$550.00,"$1,536.00","$5,376.00","",7182,Fleetguard FF 63009,AF55021,AF55312,"","","","","","","","","",
1246717733,WL3,05/26/2026,Primary,12685.0,hr,FALSE,,Manual,05/26/2026 05:50:56 AM,05/26/2026 05:50:56 AM,,2008,John Deere,544J,,Wheel Loader,Active,DW544JZ619585,,"",$187.00,$748.00,"$3,019.00","$8,738.00","",7750S,"3248, 3977, 3978",600104,"","","","","","","","","","",
1246717107,ME7,05/26/2026,Primary,5184.0,hr,FALSE,,Manual,05/26/2026 05:49:50 AM,05/26/2026 05:49:50 AM,,2018,Caterpillar,305E2 CRCB,,Mini Excavator,Active,0H5M07082,,"",$102.00,$415.00,"$1,680.00","$5,032.00","","",600586 / CAT 363-5819 Incline,9462,9463 / CAT 415-2593,"","","","","","","","","",
1246716755,ME5,05/26/2026,Primary,6183.0,hr,FALSE,,Manual,05/26/2026 05:48:55 AM,05/26/2026 05:48:55 AM,,2018,Caterpillar,308E2 CRCB,,Mini Excavator,Active,0FJX10204,,"",$102.00,$415.00,"$1,680.00","$5,032.00","","",9462,9463 / CAT 415-2593,"","","","","","","","","","",
1246716525,EX11,05/26/2026,Primary,3677.0,hr,FALSE,,Manual,05/26/2026 05:48:13 AM,05/26/2026 05:48:13 AM,,2018,Caterpillar,320GC,,Excavator,Active,CAT320GCKKTN00183,,"","","","","","","","","","","","","","","","","","","",
1246715184,ME9,05/26/2026,Primary,533.0,hr,FALSE,,Manual,05/26/2026 05:44:43 AM,05/26/2026 05:44:43 AM,,2025,Caterpillar,304CRCB,,Mini Excavator,Active,AN406574,,"","","","","","","","","","","","","","","","","","","",
1239531948,PU5,05/19/2026,Primary,218052.0,mi,FALSE,,Manual,05/19/2026 01:38:40 PM,05/19/2026 01:38:40 PM,Fleet,1998,Chevrolet,Z-71,K1500 Silverado,Pickup,Active,1GCEK19R5WR152125,,"","",$100.00,$294.29,$696.00,"",1036,"","","","","","","","","","","","",
1234931238,RL8,05/15/2026,Primary,744.0,hr,FALSE,,Manual,05/15/2026 05:40:31 AM,05/15/2026 05:40:31 AM,,2011,HAMM,HD12,,Roller,Active,H2001478,,"","","","","","","","","","","","","","","","","","","",
1234929785,ME7,05/15/2026,Primary,5173.0,hr,FALSE,,Manual,05/15/2026 05:39:18 AM,05/15/2026 05:39:18 AM,,2018,Caterpillar,305E2 CRCB,,Mini Excavator,Active,0H5M07082,,"",$102.00,$415.00,"$1,680.00","$5,032.00","","",600586 / CAT 363-5819 Incline,9462,9463 / CAT 415-2593,"","","","","","","","","",
1234929503,ME9,05/15/2026,Primary,518.0,hr,FALSE,,Manual,05/15/2026 05:38:27 AM,05/15/2026 05:38:27 AM,,2025,Caterpillar,304CRCB,,Mini Excavator,Active,AN406574,,"","","","","","","","","","","","","","","","","","","",
1234919126,BH1,05/15/2026,Primary,4459.0,hr,FALSE,,Manual,05/15/2026 05:36:14 AM,05/15/2026 05:36:14 AM,,2007,Caterpillar,420E,,Backhoe,Active,CAT0420ECHLS04735,,"",$92.00,$365.00,"$1,351.00","$4,043.00","",1459,3609,9108,9109,"","","","","","","","","",
1234918799,EX11,05/15/2026,Primary,3675.0,hr,FALSE,,Manual,05/15/2026 05:35:21 AM,05/15/2026 05:35:21 AM,,2018,Caterpillar,320GC,,Excavator,Active,CAT320GCKKTN00183,,"","","","","","","","","","","","","","","","","","","",
1234918390,FL5,05/15/2026,Primary,8137.0,hr,FALSE,,Manual,05/15/2026 05:34:13 AM,05/15/2026 05:34:13 AM,,2013,JLG,G12-55A,,Forklift,Active,160048663,,"",$96.00,$550.00,"$1,536.00","$5,376.00","",7182,Fleetguard FF 63009,AF55021,AF55312,"","","","","","","","","",
1234917881,WL3,05/15/2026,Primary,12670.0,hr,FALSE,,Manual,05/15/2026 05:32:38 AM,05/15/2026 05:32:38 AM,,2008,John Deere,544J,,Wheel Loader,Active,DW544JZ619585,,"",$187.00,$748.00,"$3,019.00","$8,738.00","",7750S,"3248, 3977, 3978",600104,"","","","","","","","","","",
1234917560,DZ4,05/15/2026,Primary,4512.0,hr,FALSE,,Manual,05/15/2026 05:31:42 AM,05/15/2026 05:31:42 AM,,2015,Caterpillar,D6K2 XLT,,Bulldozer,Active,WMR00849,,"","","","","","","","","","","","","","","","","","","",
1234917190,ME5,05/15/2026,Primary,6161.0,hr,FALSE,,Manual,05/15/2026 05:31:06 AM,05/15/2026 05:31:06 AM,,2018,Caterpillar,308E2 CRCB,,Mini Excavator,Active,0FJX10204,,"",$102.00,$415.00,"$1,680.00","$5,032.00","","",9462,9463 / CAT 415-2593,"","","","","","","","","","",
1233974933,FL6,05/14/2026,Primary,4747.0,hr,FALSE,,Service Entry #48900580,05/14/2026 01:17:23 PM,05/14/2026 01:17:23 PM,,2010,Skytrak,10054,,Forklift,Active,160039212,,"",$96.00,$550.00,"$1,536.00","$5,376.00","",7182,"3732, 3682","","","","","","","","","","","",
1233974932,FL6,05/14/2026,Primary,4747.0,hr,FALSE,,Work Order #101,05/14/2026 01:17:22 PM,05/14/2026 01:17:22 PM,,2010,Skytrak,10054,,Forklift,Active,160039212,,"",$96.00,$550.00,"$1,536.00","$5,376.00","",7182,"3732, 3682","","","","","","","","","","","",
1233891662,SW4,05/14/2026,Primary,1157.0,hr,FALSE,,Work Order #106,05/14/2026 11:52:26 AM,05/14/2026 11:52:26 AM,,2018,Laymore,SM300,8' Towable Ride-on Broom Street Sweeper,Sweeper,Active,Serial 39089,,"","","","","","","","","","","","","","","","","","","",
1232762989,WL6,05/12/2026,Primary,3044.0,hr,FALSE,,Purchase Detail #2578362,05/13/2026 02:22:29 PM,05/13/2026 02:22:29 PM,,2007,John Deere,544J,4 in 1 Bucket,Wheel Loader,Active,DW544JZ610366,,"","","","","","","","","","","","","","","","","","","",
1232751787,WL6,05/12/2026,Primary,3044.0,hr,FALSE,,Manual,05/13/2026 02:17:17 PM,05/13/2026 02:17:17 PM,,2007,John Deere,544J,4 in 1 Bucket,Wheel Loader,Active,DW544JZ610366,,"","","","","","","","","","","","","","","","","","","",
1227458888,FL5,05/08/2026,Primary,8122.0,hr,FALSE,,Manual,05/08/2026 05:59:15 AM,05/08/2026 05:59:15 AM,,2013,JLG,G12-55A,,Forklift,Active,160048663,,"",$96.00,$550.00,"$1,536.00","$5,376.00","",7182,Fleetguard FF 63009,AF55021,AF55312,"","","","","","","","","",
1227458480,WL3,05/08/2026,Primary,12653.0,hr,FALSE,,Manual,05/08/2026 05:58:32 AM,05/08/2026 05:58:32 AM,,2008,John Deere,544J,,Wheel Loader,Active,DW544JZ619585,,"",$187.00,$748.00,"$3,019.00","$8,738.00","",7750S,"3248, 3977, 3978",600104,"","","","","","","","","","",
1227447914,ME7,05/08/2026,Primary,5152.0,hr,FALSE,,Manual,05/08/2026 05:57:04 AM,05/08/2026 05:57:04 AM,,2018,Caterpillar,305E2 CRCB,,Mini Excavator,Active,0H5M07082,,"",$102.00,$415.00,"$1,680.00","$5,032.00","","",600586 / CAT 363-5819 Incline,9462,9463 / CAT 415-2593,"","","","","","","","","",
1227447132,BH1,05/08/2026,Primary,4454.0,hr,FALSE,,Manual,05/08/2026 05:55:41 AM,05/08/2026 05:55:41 AM,,2007,Caterpillar,420E,,Backhoe,Active,CAT0420ECHLS04735,,"",$92.00,$365.00,"$1,351.00","$4,043.00","",1459,3609,9108,9109,"","","","","","","","","",
1227446612,RL8,05/08/2026,Primary,741.0,hr,FALSE,,Manual,05/08/2026 05:54:51 AM,05/08/2026 05:54:51 AM,,2011,HAMM,HD12,,Roller,Active,H2001478,,"","","","","","","","","","","","","","","","","","","",
1227445263,EX11,05/08/2026,Primary,3664.0,hr,FALSE,,Manual,05/08/2026 05:52:34 AM,05/08/2026 05:52:34 AM,,2018,Caterpillar,320GC,,Excavator,Active,CAT320GCKKTN00183,,"","","","","","","","","","","","","","","","","","","",
1227444658,ME5,05/08/2026,Primary,6133.0,hr,FALSE,,Manual,05/08/2026 05:51:37 AM,05/08/2026 05:51:37 AM,,2018,Caterpillar,308E2 CRCB,,Mini Excavator,Active,0FJX10204,,"",$102.00,$415.00,"$1,680.00","$5,032.00","","",9462,9463 / CAT 415-2593,"","","","","","","","","","",
1227434029,WL1,05/08/2026,Primary,14606.0,hr,FALSE,,Manual,05/08/2026 05:49:41 AM,05/08/2026 05:49:41 AM,,2008,John Deere,624J,,Wheel Loader,Active,DW624JZ617237,,"",$187.00,$748.00,"$3,019.00","$8,738.00","",7750S - 6 Gal,3977 / 3978,6922,6923,"","","","","","","","","",
1227433005,ME9,05/08/2026,Primary,510.0,hr,FALSE,,Manual,05/08/2026 05:47:55 AM,05/08/2026 05:47:55 AM,,2025,Caterpillar,304CRCB,,Mini Excavator,Active,AN406574,,"","","","","","","","","","","","","","","","","","","",
1219338779,ME5,05/01/2026,Primary,6101.0,hr,FALSE,,Manual,05/01/2026 05:57:22 AM,05/01/2026 05:57:22 AM,,2018,Caterpillar,308E2 CRCB,,Mini Excavator,Active,0FJX10204,,"",$102.00,$415.00,"$1,680.00","$5,032.00","","",9462,9463 / CAT 415-2593,"","","","","","","","","","",
1219337526,WL1,05/01/2026,Primary,14588.0,hr,FALSE,,Manual,05/01/2026 05:56:28 AM,05/01/2026 05:56:28 AM,,2008,John Deere,624J,,Wheel Loader,Active,DW624JZ617237,,"",$187.00,$748.00,"$3,019.00","$8,738.00","",7750S - 6 Gal,3977 / 3978,6922,6923,"","","","","","","","","",
1219337262,BH1,05/01/2026,Primary,4451.0,hr,FALSE,,Manual,05/01/2026 05:55:32 AM,05/01/2026 05:55:32 AM,,2007,Caterpillar,420E,,Backhoe,Active,CAT0420ECHLS04735,,"",$92.00,$365.00,"$1,351.00","$4,043.00","",1459,3609,9108,9109,"","","","","","","","","",
1219334152,WL3,05/01/2026,Primary,12638.0,hr,FALSE,,Manual,05/01/2026 05:47:02 AM,05/01/2026 05:47:02 AM,,2008,John Deere,544J,,Wheel Loader,Active,DW544JZ619585,,"",$187.00,$748.00,"$3,019.00","$8,738.00","",7750S,"3248, 3977, 3978",600104,"","","","","","","","","","",
1219332958,FL5,05/01/2026,Primary,8106.0,hr,FALSE,,Manual,05/01/2026 05:44:04 AM,05/01/2026 05:44:04 AM,,2013,JLG,G12-55A,,Forklift,Active,160048663,,"",$96.00,$550.00,"$1,536.00","$5,376.00","",7182,Fleetguard FF 63009,AF55021,AF55312,"","","","","","","","","",
1219332452,DZ4,05/01/2026,Primary,4505.0,hr,FALSE,,Manual,05/01/2026 05:43:09 AM,05/01/2026 05:43:09 AM,,2015,Caterpillar,D6K2 XLT,,Bulldozer,Active,WMR00849,,"","","","","","","","","","","","","","","","","","","",
1219331536,EX11,05/01/2026,Primary,3664.0,hr,FALSE,,Manual,05/01/2026 05:41:47 AM,05/01/2026 05:41:47 AM,,2018,Caterpillar,320GC,,Excavator,Active,CAT320GCKKTN00183,,"","","","","","","","","","","","","","","","","","","",
1219330069,RL8,05/01/2026,Primary,739.0,hr,FALSE,,Manual,05/01/2026 05:39:32 AM,05/01/2026 05:39:32 AM,,2011,HAMM,HD12,,Roller,Active,H2001478,,"","","","","","","","","","","","","","","","","","","",
1219319324,ME7,05/01/2026,Primary,5118.0,hr,FALSE,,Manual,05/01/2026 05:24:36 AM,05/01/2026 05:24:36 AM,,2018,Caterpillar,305E2 CRCB,,Mini Excavator,Active,0H5M07082,,"",$102.00,$415.00,"$1,680.00","$5,032.00","","",600586 / CAT 363-5819 Incline,9462,9463 / CAT 415-2593,"","","","","","","","","",
1219318612,ME9,05/01/2026,Primary,489.0,hr,FALSE,,Manual,05/01/2026 05:23:44 AM,05/01/2026 05:23:44 AM,,2025,Caterpillar,304CRCB,,Mini Excavator,Active,AN406574,,"","","","","","","","","","","","","","","","","","","",
1211629770,WT1,04/24/2026,Secondary,5978.0,hr,FALSE,,Service Entry #47895193,04/24/2026 12:43:49 PM,04/24/2026 12:43:49 PM,Fleet,2001,International,4700,,Water Truck,Active,1HTSCABN81H343644,,"",$101.00,$402.00,"$1,486.00","$4,447.00","",1734,3817,"","","","","","","","","","","",
1211629769,WT1,04/24/2026,Primary,18287.0,mi,FALSE,,Service Entry #47895193,04/24/2026 12:43:49 PM,04/24/2026 12:43:49 PM,Fleet,2001,International,4700,,Water Truck,Active,1HTSCABN81H343644,,"",$101.00,$402.00,"$1,486.00","$4,447.00","",1734,3817,"","","","","","","","","","","",
1211629768,WT1,04/24/2026,Secondary,5978.0,hr,FALSE,,Work Order #100,04/24/2026 12:43:49 PM,04/24/2026 12:43:49 PM,Fleet,2001,International,4700,,Water Truck,Active,1HTSCABN81H343644,,"",$101.00,$402.00,"$1,486.00","$4,447.00","",1734,3817,"","","","","","","","","","","",
1211629767,WT1,04/24/2026,Primary,18287.0,mi,FALSE,,Work Order #100,04/24/2026 12:43:49 PM,04/24/2026 12:43:49 PM,Fleet,2001,International,4700,,Water Truck,Active,1HTSCABN81H343644,,"",$101.00,$402.00,"$1,486.00","$4,447.00","",1734,3817,"","","","","","","","","","","",
1211497750,DT1,04/24/2026,Primary,329549.0,mi,FALSE,,Manual,04/24/2026 10:29:45 AM,04/24/2026 10:29:45 AM,Fleet,2007,Kenworth,W900,,Dump Truck,Active,1NKWXB0X07R159782,,"",$131.00,$525.00,"$2,090.00","$5,940.00","",1792 - 9 Gal,3412 & 3674,"","","",4070,"","","","","","","",
1211349539,ME5,04/24/2026,Primary,6071.0,hr,FALSE,,Manual,04/24/2026 06:01:30 AM,04/24/2026 06:01:30 AM,,2018,Caterpillar,308E2 CRCB,,Mini Excavator,Active,0FJX10204,,"",$102.00,$415.00,"$1,680.00","$5,032.00","","",9462,9463 / CAT 415-2593,"","","","","","","","","","",
1211347977,ST4,04/24/2026,Primary,153739.0,mi,FALSE,,Manual,04/24/2026 05:57:31 AM,04/24/2026 05:57:31 AM,Fleet,2017,Ford,F-450 Super Duty,,Service Truck,Active,1FD0W4HT2HED69098,,"",$102.00,$415.00,"$1,680.00","$5,032.00","","","","","","","","","","","","","","",
1211347491,PU11,04/24/2026,Primary,76467.0,mi,FALSE,,Manual,04/24/2026 05:55:46 AM,04/24/2026 05:55:46 AM,Fleet,2021,Chevrolet,Silverado 1500,LT,Pickup,Active,1GCVYDED3MZ420998,,"","","","","","","","","","","","","","","","","","","",
1211346989,RL8,04/24/2026,Primary,737.0,hr,FALSE,,Manual,04/24/2026 05:54:01 AM,04/24/2026 05:54:01 AM,,2011,HAMM,HD12,,Roller,Active,H2001478,,"","","","","","","","","","","","","","","","","","","",
1211346245,BH1,04/24/2026,Primary,4441.0,hr,FALSE,,Manual,04/24/2026 05:51:43 AM,04/24/2026 05:51:43 AM,,2007,Caterpillar,420E,,Backhoe,Active,CAT0420ECHLS04735,,"",$92.00,$365.00,"$1,351.00","$4,043.00","",1459,3609,9108,9109,"","","","","","","","","",
1211345467,DZ4,04/24/2026,Primary,4504.0,hr,FALSE,,Manual,04/24/2026 05:49:31 AM,04/24/2026 05:49:31 AM,,2015,Caterpillar,D6K2 XLT,,Bulldozer,Active,WMR00849,,"","","","","","","","","","","","","","","","","","","",
1211343310,WL1,04/24/2026,Primary,14582.0,hr,FALSE,,Manual,04/24/2026 05:42:15 AM,04/24/2026 05:42:15 AM,,2008,John Deere,624J,,Wheel Loader,Active,DW624JZ617237,,"",$187.00,$748.00,"$3,019.00","$8,738.00","",7750S - 6 Gal,3977 / 3978,6922,6923,"","","","","","","","","",
1211342933,FL5,04/24/2026,Primary,8099.0,hr,FALSE,,Manual,04/24/2026 05:41:02 AM,04/24/2026 05:41:02 AM,,2013,JLG,G12-55A,,Forklift,Active,160048663,,"",$96.00,$550.00,"$1,536.00","$5,376.00","",7182,Fleetguard FF 63009,AF55021,AF55312,"","","","","","","","","",
1211342461,WL3,04/24/2026,Primary,12622.0,hr,FALSE,,Manual,04/24/2026 05:39:28 AM,04/24/2026 05:39:28 AM,,2008,John Deere,544J,,Wheel Loader,Active,DW544JZ619585,,"",$187.00,$748.00,"$3,019.00","$8,738.00","",7750S,"3248, 3977, 3978",600104,"","","","","","","","","","",
1211336057,EX11,04/24/2026,Primary,3659.0,hr,FALSE,,Manual,04/24/2026 05:22:40 AM,04/24/2026 05:22:40 AM,,2018,Caterpillar,320GC,,Excavator,Active,CAT320GCKKTN00183,,"","","","","","","","","","","","","","","","","","","",
1211335635,ME9,04/24/2026,Primary,463.0,hr,FALSE,,Manual,04/24/2026 05:21:24 AM,04/24/2026 05:21:24 AM,,2025,Caterpillar,304CRCB,,Mini Excavator,Active,AN406574,,"","","","","","","","","","","","","","","","","","","",
1210315536,WT1,04/21/2026,Secondary,5978.0,hr,FALSE,,Work Order #100,04/23/2026 11:03:53 AM,04/23/2026 11:03:53 AM,Fleet,2001,International,4700,,Water Truck,Active,1HTSCABN81H343644,,"",$101.00,$402.00,"$1,486.00","$4,447.00","",1734,3817,"","","","","","","","","","","",
1207932711,WT1,04/21/2026,Primary,18287.0,mi,FALSE,,Work Order #100,04/21/2026 12:16:53 PM,04/21/2026 12:16:53 PM,Fleet,2001,International,4700,,Water Truck,Active,1HTSCABN81H343644,,"",$101.00,$402.00,"$1,486.00","$4,447.00","",1734,3817,"","","","","","","","","","","",
1210317848,FL6,04/20/2026,Primary,4747.0,hr,FALSE,,Work Order #101,04/23/2026 11:10:09 AM,04/23/2026 11:10:09 AM,,2010,Skytrak,10054,,Forklift,Active,160039212,,"",$96.00,$550.00,"$1,536.00","$5,376.00","",7182,"3732, 3682","","","","","","","","","","","",
1206582053,FL6,04/20/2026,Primary,4747.0,hr,FALSE,,Manual,04/20/2026 07:17:04 AM,04/20/2026 07:17:04 AM,,2010,Skytrak,10054,,Forklift,Active,160039212,,"",$96.00,$550.00,"$1,536.00","$5,376.00","",7182,"3732, 3682","","","","","","","","","","","",
1203794551,FL6,04/17/2026,Primary,4747.0,hr,FALSE,,Service Entry #47601239,04/17/2026 06:50:18 AM,04/17/2026 06:50:18 AM,,2010,Skytrak,10054,,Forklift,Active,160039212,,"",$96.00,$550.00,"$1,536.00","$5,376.00","",7182,"3732, 3682","","","","","","","","","","","",
1203794529,FL6,04/17/2026,Primary,4747.0,hr,FALSE,,Work Order #98,04/17/2026 06:50:13 AM,04/17/2026 06:50:13 AM,,2010,Skytrak,10054,,Forklift,Active,160039212,,"",$96.00,$550.00,"$1,536.00","$5,376.00","",7182,"3732, 3682","","","","","","","","","","","",
1203794526,FL6,04/17/2026,Primary,4747.0,hr,FALSE,,Work Order #98,04/17/2026 06:50:13 AM,04/17/2026 06:50:13 AM,,2010,Skytrak,10054,,Forklift,Active,160039212,,"",$96.00,$550.00,"$1,536.00","$5,376.00","",7182,"3732, 3682","","","","","","","","","","","",
1201429677,EX12,04/15/2026,Primary,5422.0,hr,FALSE,,Service Entry #47470448,04/15/2026 09:02:18 AM,04/15/2026 09:02:18 AM,,2016,Caterpillar,325FL CR,,Excavator,Active,CAT0325FEXAA00419,,"","","","","","","","","","","","","","","","","","","",
1201429660,EX12,04/15/2026,Primary,5422.0,hr,FALSE,,Work Order #96,04/15/2026 09:02:17 AM,04/15/2026 09:02:17 AM,,2016,Caterpillar,325FL CR,,Excavator,Active,CAT0325FEXAA00419,,"","","","","","","","","","","","","","","","","","","",
1201428028,EX12,04/15/2026,Primary,5422.0,hr,FALSE,,Work Order #96,04/15/2026 09:01:32 AM,04/15/2026 09:01:32 AM,,2016,Caterpillar,325FL CR,,Excavator,Active,CAT0325FEXAA00419,,"","","","","","","","","","","","","","","","","","","",
1201426364,EX12,04/15/2026,Primary,5422.0,hr,FALSE,,Manual,04/15/2026 08:58:09 AM,04/15/2026 08:58:09 AM,,2016,Caterpillar,325FL CR,,Excavator,Active,CAT0325FEXAA00419,,"","","","","","","","","","","","","","","","","","","",
1199083737,DT2,04/13/2026,Primary,535973.0,mi,FALSE,,Service Entry #47364353,04/13/2026 09:52:10 AM,04/13/2026 09:52:10 AM,Fleet,2006,Kenworth,T800,,Dump Truck,Active,1NKDXB0X76R138191,,"",$124.00,$497.00,"$1,980.00","$6,270.00","","","","","","","","","","","","","","",
1199083714,DT2,04/13/2026,Primary,535973.0,mi,FALSE,,Work Order #95,04/13/2026 09:52:05 AM,04/13/2026 09:52:05 AM,Fleet,2006,Kenworth,T800,,Dump Truck,Active,1NKDXB0X76R138191,,"",$124.00,$497.00,"$1,980.00","$6,270.00","","","","","","","","","","","","","","",
1199083713,DT2,04/13/2026,Primary,535973.0,mi,FALSE,,Work Order #95,04/13/2026 09:52:05 AM,04/13/2026 09:52:05 AM,Fleet,2006,Kenworth,T800,,Dump Truck,Active,1NKDXB0X76R138191,,"",$124.00,$497.00,"$1,980.00","$6,270.00","","","","","","","","","","","","","","",
1199081395,DT2,04/13/2026,Primary,535973.0,mi,FALSE,,Manual,04/13/2026 09:45:12 AM,04/13/2026 09:45:12 AM,Fleet,2006,Kenworth,T800,,Dump Truck,Active,1NKDXB0X76R138191,,"",$124.00,$497.00,"$1,980.00","$6,270.00","","","","","","","","","","","","","","",
1199081383,DT2,04/13/2026,Primary,535973.0,mi,FALSE,,Manual,04/13/2026 09:45:08 AM,04/13/2026 09:45:08 AM,Fleet,2006,Kenworth,T800,,Dump Truck,Active,1NKDXB0X76R138191,,"",$124.00,$497.00,"$1,980.00","$6,270.00","","","","","","","","","","","","","","",
1196226905,PU9,04/10/2026,Primary,161813.0,mi,FALSE,,Manual,04/10/2026 07:32:13 AM,04/10/2026 07:32:13 AM,Fleet,2016,GMC,Sierra 2500,SLT,Pickup,Active,1GT12TE80GF236217,,"","","","","","","","","","","","","","","","","","","",
1196177525,RL6,04/10/2026,Primary,3105.0,hr,TRUE,,Manual,04/10/2026 06:09:16 AM,04/10/2026 06:09:16 AM,,2008,Caterpillar,CS56,,Roller,Active,C5S00381,,"",$131.00,$525.00,"$2,090.00","$6,270.00","",7325,"3606, 3076",9783,9782,326-1644,"",(2) 1G-8878,"","","","","","",
1196172984,EX11,04/10/2026,Primary,3634.0,hr,FALSE,,Manual,04/10/2026 05:57:12 AM,04/10/2026 05:57:12 AM,,2018,Caterpillar,320GC,,Excavator,Active,CAT320GCKKTN00183,,"","","","","","","","","","","","","","","","","","","",
1196172540,ME9,04/10/2026,Primary,401.0,hr,FALSE,,Manual,04/10/2026 05:55:36 AM,04/10/2026 05:55:36 AM,,2025,Caterpillar,304CRCB,,Mini Excavator,Active,AN406574,,"","","","","","","","","","","","","","","","","","","",
1196171780,BH1,04/10/2026,Primary,4433.0,hr,FALSE,,Manual,04/10/2026 05:53:02 AM,04/10/2026 05:53:02 AM,,2007,Caterpillar,420E,,Backhoe,Active,CAT0420ECHLS04735,,"",$92.00,$365.00,"$1,351.00","$4,043.00","",1459,3609,9108,9109,"","","","","","","","","",
1196171362,EX13,04/10/2026,Primary,3597.0,hr,FALSE,,Manual,04/10/2026 05:51:40 AM,04/10/2026 05:51:40 AM,,2016,Hitachi,ZX135,,Excavator,Active,HCMDAEA1K00097613,,"","","","","","","","","","","","","","","","","","","",
1196170810,FL5,04/10/2026,Primary,8068.0,hr,FALSE,,Manual,04/10/2026 05:50:21 AM,04/10/2026 05:50:21 AM,,2013,JLG,G12-55A,,Forklift,Active,160048663,,"",$96.00,$550.00,"$1,536.00","$5,376.00","",7182,Fleetguard FF 63009,AF55021,AF55312,"","","","","","","","","",
1196170527,WL1,04/10/2026,Primary,14568.0,hr,FALSE,,Manual,04/10/2026 05:49:25 AM,04/10/2026 05:49:25 AM,,2008,John Deere,624J,,Wheel Loader,Active,DW624JZ617237,,"",$187.00,$748.00,"$3,019.00","$8,738.00","",7750S - 6 Gal,3977 / 3978,6922,6923,"","","","","","","","","",
1196168872,WL3,04/10/2026,Primary,12592.0,hr,FALSE,,Manual,04/10/2026 05:47:06 AM,04/10/2026 05:47:06 AM,,2008,John Deere,544J,,Wheel Loader,Active,DW544JZ619585,,"",$187.00,$748.00,"$3,019.00","$8,738.00","",7750S,"3248, 3977, 3978",600104,"","","","","","","","","","",
1196158787,DZ4,04/10/2026,Primary,4498.0,hr,FALSE,,Manual,04/10/2026 05:18:06 AM,04/10/2026 05:18:06 AM,,2015,Caterpillar,D6K2 XLT,,Bulldozer,Active,WMR00849,,"","","","","","","","","","","","","","","","","","","",
1186738285,EX11,03/30/2026,Primary,3570.0,hr,FALSE,,Service Entry #46990726,04/01/2026 08:57:25 AM,04/01/2026 08:57:25 AM,,2018,Caterpillar,320GC,,Excavator,Active,CAT320GCKKTN00183,,"","","","","","","","","","","","","","","","","","","",
1186738276,EX11,03/30/2026,Primary,3570.0,hr,FALSE,,Work Order #91,04/01/2026 08:57:20 AM,04/01/2026 08:57:20 AM,,2018,Caterpillar,320GC,,Excavator,Active,CAT320GCKKTN00183,,"","","","","","","","","","","","","","","","","","","",
1186738275,EX11,03/30/2026,Primary,3570.0,hr,FALSE,,Work Order #91,04/01/2026 08:57:20 AM,04/01/2026 08:57:20 AM,,2018,Caterpillar,320GC,,Excavator,Active,CAT320GCKKTN00183,,"","","","","","","","","","","","","","","","","","","",
1184231796,PU10,03/30/2026,Primary,40082.0,mi,FALSE,,Service Entry #46931144,03/30/2026 03:26:57 PM,03/30/2026 03:26:57 PM,Fleet,2024,Toyota,Tundra,Capstone HV,Pickup,Active,5TFVC5DB6RX056048,,"","","","","","","","","","","","","","","","","","","",
1181256518,FL9,03/27/2026,Primary,5612.0,hr,FALSE,,Service Entry #46828845,03/27/2026 09:20:05 AM,03/27/2026 09:20:05 AM,,2008,JLG,G10-55A,,Forklift,Active,016003708,,"","","","","","","","","","","","","","","","","","","",
1181255647,FL9,03/27/2026,Primary,5612.0,hr,FALSE,,Work Order #87,03/27/2026 09:17:53 AM,03/27/2026 09:17:53 AM,,2008,JLG,G10-55A,,Forklift,Active,016003708,,"","","","","","","","","","","","","","","","","","","",
1180041978,ME7,03/26/2026,Primary,5090.0,hr,FALSE,,Manual,03/26/2026 07:03:54 AM,03/26/2026 07:03:54 AM,,2018,Caterpillar,305E2 CRCB,,Mini Excavator,Active,0H5M07082,,"",$102.00,$415.00,"$1,680.00","$5,032.00","","",600586 / CAT 363-5819 Incline,9462,9463 / CAT 415-2593,"","","","","","","","","",
1177800431,EX11,03/24/2026,Primary,3570.0,hr,FALSE,,Manual,03/24/2026 09:47:31 AM,03/24/2026 09:47:31 AM,,2018,Caterpillar,320GC,,Excavator,Active,CAT320GCKKTN00183,,"","","","","","","","","","","","","","","","","","","",
1177799764,DT2,03/24/2026,Primary,535674.0,mi,FALSE,,Manual,03/24/2026 09:44:50 AM,03/24/2026 09:44:50 AM,Fleet,2006,Kenworth,T800,,Dump Truck,Active,1NKDXB0X76R138191,,"",$124.00,$497.00,"$1,980.00","$6,270.00","","","","","","","","","","","","","","",
1177799519,DT1,03/24/2026,Primary,328933.0,mi,FALSE,,Manual,03/24/2026 09:43:50 AM,03/24/2026 09:43:50 AM,Fleet,2007,Kenworth,W900,,Dump Truck,Active,1NKWXB0X07R159782,,"",$131.00,$525.00,"$2,090.00","$5,940.00","",1792 - 9 Gal,3412 & 3674,"","","",4070,"","","","","","","",
1177799145,WL1,03/24/2026,Primary,14525.0,hr,FALSE,,Manual,03/24/2026 09:42:37 AM,03/24/2026 09:42:37 AM,,2008,John Deere,624J,,Wheel Loader,Active,DW624JZ617237,,"",$187.00,$748.00,"$3,019.00","$8,738.00","",7750S - 6 Gal,3977 / 3978,6922,6923,"","","","","","","","","",
1177798684,ME5,03/24/2026,Primary,5941.0,hr,FALSE,,Manual,03/24/2026 09:40:40 AM,03/24/2026 09:40:40 AM,,2018,Caterpillar,308E2 CRCB,,Mini Excavator,Active,0FJX10204,,"",$102.00,$415.00,"$1,680.00","$5,032.00","","",9462,9463 / CAT 415-2593,"","","","","","","","","","",
1177798282,FL5,03/24/2026,Primary,8020.0,hr,FALSE,,Manual,03/24/2026 09:39:01 AM,03/24/2026 09:39:01 AM,,2013,JLG,G12-55A,,Forklift,Active,160048663,,"",$96.00,$550.00,"$1,536.00","$5,376.00","",7182,Fleetguard FF 63009,AF55021,AF55312,"","","","","","","","","",
1177797845,BL5,03/24/2026,Primary,1552.0,hr,FALSE,,Manual,03/24/2026 09:37:19 AM,03/24/2026 09:37:19 AM,,2014,JLG,450AJ,,Articulated Boom Lift,In Shop,300194724,,"",$90.00,$495.00,"$1,520.00","$3,128.00","",1342,3943,"","","","","","","","","","","",
1177797187,ME9,03/24/2026,Primary,343.0,hr,FALSE,,Manual,03/24/2026 09:34:44 AM,03/24/2026 09:34:44 AM,,2025,Caterpillar,304CRCB,,Mini Excavator,Active,AN406574,,"","","","","","","","","","","","","","","","","","","",
1177796868,BH1,03/24/2026,Primary,4413.0,hr,FALSE,,Manual,03/24/2026 09:33:40 AM,03/24/2026 09:33:40 AM,,2007,Caterpillar,420E,,Backhoe,Active,CAT0420ECHLS04735,,"",$92.00,$365.00,"$1,351.00","$4,043.00","",1459,3609,9108,9109,"","","","","","","","","",
1177796563,RL6,03/24/2026,Primary,3102.0,hr,TRUE,,Manual,03/24/2026 09:32:43 AM,03/24/2026 09:32:43 AM,,2008,Caterpillar,CS56,,Roller,Active,C5S00381,,"",$131.00,$525.00,"$2,090.00","$6,270.00","",7325,"3606, 3076",9783,9782,326-1644,"",(2) 1G-8878,"","","","","","",
1177796462,RL6,03/24/2026,Primary,3102.0,hr,TRUE,,Manual,03/24/2026 09:32:19 AM,03/24/2026 09:32:19 AM,,2008,Caterpillar,CS56,,Roller,Active,C5S00381,,"",$131.00,$525.00,"$2,090.00","$6,270.00","",7325,"3606, 3076",9783,9782,326-1644,"",(2) 1G-8878,"","","","","","",
1177796038,DZ4,03/24/2026,Primary,4476.0,hr,FALSE,,Manual,03/24/2026 09:30:36 AM,03/24/2026 09:30:36 AM,,2015,Caterpillar,D6K2 XLT,,Bulldozer,Active,WMR00849,,"","","","","","","","","","","","","","","","","","","",
1177795800,EX13,03/24/2026,Primary,3558.0,hr,FALSE,,Manual,03/24/2026 09:29:44 AM,03/24/2026 09:29:44 AM,,2016,Hitachi,ZX135,,Excavator,Active,HCMDAEA1K00097613,,"","","","","","","","","","","","","","","","","","","",
1177795553,WL5,03/24/2026,Primary,3620.0,hr,FALSE,,Manual,03/24/2026 09:28:59 AM,03/24/2026 09:28:59 AM,,2011,Caterpillar,289C,,Wheel Loader,Active,CAT0289CVJMP01979,,"",$56.25,$225.00,$875.00,"$2,615.00","",7106,600053,6562,"","","","","","","","","","",
1177794784,WL3,03/24/2026,Primary,12542.0,hr,FALSE,,Manual,03/24/2026 09:25:53 AM,03/24/2026 09:25:53 AM,,2008,John Deere,544J,,Wheel Loader,Active,DW544JZ619585,,"",$187.00,$748.00,"$3,019.00","$8,738.00","",7750S,"3248, 3977, 3978",600104,"","","","","","","","","","",
1171865509,ST5,03/18/2026,Primary,198574.0,mi,FALSE,,Manual,03/18/2026 12:42:34 PM,03/18/2026 12:42:34 PM,Fleet,2011,RAM,5500,,Service Truck,Active,3D6WU7CL4BG500622,,"",$102.00,$415.00,"$1,680.00","$5,032.00","",7620,"","","","","","","","","","","","",
1153217446,EX12,03/05/2026,Primary,5421.0,hr,FALSE,,Manual,03/05/2026 12:31:05 PM,03/05/2026 12:31:05 PM,,2016,Caterpillar,325FL CR,,Excavator,Active,CAT0325FEXAA00419,,"","","","","","","","","","","","","","","","","","","",
1153217308,EX12,03/05/2026,Primary,5421.0,hr,FALSE,,Manual,03/05/2026 12:30:47 PM,03/05/2026 12:30:47 PM,,2016,Caterpillar,325FL CR,,Excavator,Active,CAT0325FEXAA00419,,"","","","","","","","","","","","","","","","","","","",
1153135369,BH4,03/05/2026,Primary,5417.0,hr,FALSE,,Service Entry #45836574,03/05/2026 10:55:14 AM,03/05/2026 10:55:14 AM,,2006,John Deere,310SG,,Backhoe,Active,TO310SG960924,,"",$77.50,$310.00,"$1,220.00","$3,660.00","",7750S - 3.25 Gal,3668,6562,6569,"","",7624,7201,"","","","","",
1153135367,BH4,03/05/2026,Primary,5417.0,hr,FALSE,,Work Order #85,03/05/2026 10:55:14 AM,03/05/2026 10:55:14 AM,,2006,John Deere,310SG,,Backhoe,Active,TO310SG960924,,"",$77.50,$310.00,"$1,220.00","$3,660.00","",7750S - 3.25 Gal,3668,6562,6569,"","",7624,7201,"","","","","",
1181255645,FL9,03/03/2026,Primary,5612.0,hr,FALSE,,Work Order #87,03/27/2026 09:17:53 AM,03/27/2026 09:17:53 AM,,2008,JLG,G10-55A,,Forklift,Active,016003708,,"","","","","","","","","","","","","","","","","","","",
1150772425,FL5,03/03/2026,Primary,7989.0,hr,FALSE,,Service Entry #45751584,03/03/2026 09:43:59 AM,03/03/2026 09:43:59 AM,,2013,JLG,G12-55A,,Forklift,Active,160048663,,"",$96.00,$550.00,"$1,536.00","$5,376.00","",7182,Fleetguard FF 63009,AF55021,AF55312,"","","","","","","","","",
1150772422,FL5,03/03/2026,Primary,7989.0,hr,FALSE,,Work Order #76,03/03/2026 09:43:59 AM,03/03/2026 09:43:59 AM,,2013,JLG,G12-55A,,Forklift,Active,160048663,,"",$96.00,$550.00,"$1,536.00","$5,376.00","",7182,Fleetguard FF 63009,AF55021,AF55312,"","","","","","","","","",
1150771243,DZ4,03/03/2026,Primary,4454.0,hr,FALSE,,Service Entry #45751510,03/03/2026 09:42:07 AM,03/03/2026 09:42:07 AM,,2015,Caterpillar,D6K2 XLT,,Bulldozer,Active,WMR00849,,"","","","","","","","","","","","","","","","","","","",
1150771242,DZ4,03/03/2026,Primary,4454.0,hr,FALSE,,Work Order #84,03/03/2026 09:42:07 AM,03/03/2026 09:42:07 AM,,2015,Caterpillar,D6K2 XLT,,Bulldozer,Active,WMR00849,,"","","","","","","","","","","","","","","","","","","",
1142450219,DZ4,02/18/2026,Primary,4454.0,hr,FALSE,,Work Order #84,02/23/2026 12:20:34 PM,02/23/2026 12:20:34 PM,,2015,Caterpillar,D6K2 XLT,,Bulldozer,Active,WMR00849,,"","","","","","","","","","","","","","","","","","","",
1122301216,SUV1,02/03/2026,Primary,131434.0,hr,FALSE,,Purchase Detail #2425082,02/03/2026 11:58:06 AM,02/03/2026 11:58:06 AM,,2013,Toyota,Sequoia,,Pickup Truck,Active,5TDDW5G14DS085875,,"","","","","","","","","","","","","","","","","","","",
1118668049,EX13,01/30/2026,Primary,3471.9,hr,FALSE,,Manual,01/30/2026 09:53:18 AM,01/30/2026 09:53:18 AM,,2016,Hitachi,ZX135,,Excavator,Active,HCMDAEA1K00097613,,"","","","","","","","","","","","","","","","","","","",
1118667755,ME7,01/30/2026,Primary,5032.3,hr,FALSE,,Manual,01/30/2026 09:52:06 AM,01/30/2026 09:52:06 AM,,2018,Caterpillar,305E2 CRCB,,Mini Excavator,Active,0H5M07082,,"",$102.00,$415.00,"$1,680.00","$5,032.00","","",600586 / CAT 363-5819 Incline,9462,9463 / CAT 415-2593,"","","","","","","","","",
1118667378,WL3,01/30/2026,Primary,12328.3,hr,FALSE,,Manual,01/30/2026 09:51:05 AM,01/30/2026 09:51:05 AM,,2008,John Deere,544J,,Wheel Loader,Active,DW544JZ619585,,"",$187.00,$748.00,"$3,019.00","$8,738.00","",7750S,"3248, 3977, 3978",600104,"","","","","","","","","","",
1118667181,EX11,01/30/2026,Primary,3365.7,hr,FALSE,,Manual,01/30/2026 09:50:02 AM,01/30/2026 09:50:02 AM,,2018,Caterpillar,320GC,,Excavator,Active,CAT320GCKKTN00183,,"","","","","","","","","","","","","","","","","","","",
1118666789,BH1,01/30/2026,Primary,4377.4,hr,FALSE,,Manual,01/30/2026 09:48:26 AM,01/30/2026 09:48:26 AM,,2007,Caterpillar,420E,,Backhoe,Active,CAT0420ECHLS04735,,"",$92.00,$365.00,"$1,351.00","$4,043.00","",1459,3609,9108,9109,"","","","","","","","","",
1118666398,WL5,01/30/2026,Primary,3610.8,hr,FALSE,,Manual,01/30/2026 09:46:54 AM,01/30/2026 09:46:54 AM,,2011,Caterpillar,289C,,Wheel Loader,Active,CAT0289CVJMP01979,,"",$56.25,$225.00,$875.00,"$2,615.00","",7106,600053,6562,"","","","","","","","","","",
1118666040,RL6,01/30/2026,Primary,3087.7,hr,TRUE,,Manual,01/30/2026 09:45:22 AM,01/30/2026 09:45:22 AM,,2008,Caterpillar,CS56,,Roller,Active,C5S00381,,"",$131.00,$525.00,"$2,090.00","$6,270.00","",7325,"3606, 3076",9783,9782,326-1644,"",(2) 1G-8878,"","","","","","",
1118665446,DZ4,01/30/2026,Primary,4452.3,hr,FALSE,,Manual,01/30/2026 09:42:33 AM,01/30/2026 09:42:33 AM,,2015,Caterpillar,D6K2 XLT,,Bulldozer,Active,WMR00849,,"","","","","","","","","","","","","","","","","","","",
1118664838,EX12,01/30/2026,Primary,5388.1,hr,FALSE,,Manual,01/30/2026 09:40:02 AM,01/30/2026 09:40:02 AM,,2016,Caterpillar,325FL CR,,Excavator,Active,CAT0325FEXAA00419,,"","","","","","","","","","","","","","","","","","","",
1115476099,PU3,01/27/2026,Primary,227971.0,mi,FALSE,,Vehicle Assignment #9614562,01/27/2026 06:47:11 AM,05/13/2026 01:22:30 PM,Fleet,2007,GMC,Sierra 1500,SLT,Pickup,Sold,3GTEK13M27G521148,,"","",$175.00,$515.00,"$1,218.00",13mm,"","","","","","","","","","","","","$5,300.00",05/12/2026
1115472886,RL5,01/27/2026,Primary,4138.0,hr,FALSE,,Manual,01/27/2026 06:39:36 AM,01/27/2026 06:39:36 AM,,2012,Sakai,SV510TF-III,,Roller,Active,VSV21-10204,,"",$131.00,$525.00,"$2,090.00","$6,270.00","",7182,"3732, 3682",2330,2331,"","","","","","","","","",
1142454823,BH4,01/23/2026,Primary,5417.0,hr,FALSE,,Work Order #85,02/23/2026 12:29:46 PM,02/23/2026 12:29:46 PM,,2006,John Deere,310SG,,Backhoe,Active,TO310SG960924,,"",$77.50,$310.00,"$1,220.00","$3,660.00","",7750S - 3.25 Gal,3668,6562,6569,"","",7624,7201,"","","","","",
1112124852,BH4,01/23/2026,Primary,5417.0,hr,FALSE,,Manual,01/23/2026 01:35:10 PM,01/23/2026 01:35:10 PM,,2006,John Deere,310SG,,Backhoe,Active,TO310SG960924,,"",$77.50,$310.00,"$1,220.00","$3,660.00","",7750S - 3.25 Gal,3668,6562,6569,"","",7624,7201,"","","","","",
1105416772,ST6,01/16/2026,Primary,107705.0,mi,FALSE,,Manual,01/16/2026 12:18:36 PM,01/16/2026 12:18:36 PM,Fleet,2016,Ford,F-550 Super Duty,4WD Crew Cab,Service Truck,Active,1FD0W5HT9GED17018,,"","","","","","","","","","","","","","","","","","","",
1105327328,ST5,01/16/2026,Primary,196569.0,mi,FALSE,,Manual,01/16/2026 09:18:24 AM,01/16/2026 09:18:24 AM,Fleet,2011,RAM,5500,,Service Truck,Active,3D6WU7CL4BG500622,,"",$102.00,$415.00,"$1,680.00","$5,032.00","",7620,"","","","","","","","","","","","",
1105327164,ST4,01/16/2026,Primary,150036.0,mi,FALSE,,Manual,01/16/2026 09:17:38 AM,01/16/2026 09:17:38 AM,Fleet,2017,Ford,F-450 Super Duty,,Service Truck,Active,1FD0W4HT2HED69098,,"",$102.00,$415.00,"$1,680.00","$5,032.00","","","","","","","","","","","","","","",
1105324313,DZ4,01/16/2026,Primary,4394.0,hr,FALSE,,Manual,01/16/2026 09:06:49 AM,01/16/2026 09:06:49 AM,,2015,Caterpillar,D6K2 XLT,,Bulldozer,Active,WMR00849,,"","","","","","","","","","","","","","","","","","","",
1105323976,RL6,01/16/2026,Primary,3269.0,hr,FALSE,,Manual,01/16/2026 09:05:44 AM,01/16/2026 09:05:44 AM,,2008,Caterpillar,CS56,,Roller,Active,C5S00381,,"",$131.00,$525.00,"$2,090.00","$6,270.00","",7325,"3606, 3076",9783,9782,326-1644,"",(2) 1G-8878,"","","","","","",
1105322410,EX11,01/16/2026,Primary,3293.0,hr,FALSE,,Manual,01/16/2026 09:01:54 AM,01/16/2026 09:01:54 AM,,2018,Caterpillar,320GC,,Excavator,Active,CAT320GCKKTN00183,,"","","","","","","","","","","","","","","","","","","",
1105321449,EX12,01/16/2026,Primary,5341.0,hr,FALSE,,Manual,01/16/2026 09:00:52 AM,01/16/2026 09:00:52 AM,,2016,Caterpillar,325FL CR,,Excavator,Active,CAT0325FEXAA00419,,"","","","","","","","","","","","","","","","","","","",
1105320880,BH1,01/16/2026,Primary,4371.0,hr,FALSE,,Manual,01/16/2026 08:59:13 AM,01/16/2026 08:59:13 AM,,2007,Caterpillar,420E,,Backhoe,Active,CAT0420ECHLS04735,,"",$92.00,$365.00,"$1,351.00","$4,043.00","",1459,3609,9108,9109,"","","","","","","","","",
1105320568,ME5,01/16/2026,Primary,5795.0,hr,FALSE,,Manual,01/16/2026 08:58:00 AM,01/16/2026 08:58:00 AM,,2018,Caterpillar,308E2 CRCB,,Mini Excavator,Active,0FJX10204,,"",$102.00,$415.00,"$1,680.00","$5,032.00","","",9462,9463 / CAT 415-2593,"","","","","","","","","","",
1105320311,WL5,01/16/2026,Primary,3604.0,hr,FALSE,,Manual,01/16/2026 08:56:45 AM,01/16/2026 08:56:45 AM,,2011,Caterpillar,289C,,Wheel Loader,Active,CAT0289CVJMP01979,,"",$56.25,$225.00,$875.00,"$2,615.00","",7106,600053,6562,"","","","","","","","","","",
1105319897,ME7,01/16/2026,Primary,5031.0,hr,FALSE,,Manual,01/16/2026 08:55:01 AM,01/16/2026 08:55:01 AM,,2018,Caterpillar,305E2 CRCB,,Mini Excavator,Active,0H5M07082,,"",$102.00,$415.00,"$1,680.00","$5,032.00","","",600586 / CAT 363-5819 Incline,9462,9463 / CAT 415-2593,"","","","","","","","","",
1105319695,WL3,01/16/2026,Primary,12277.0,hr,FALSE,,Manual,01/16/2026 08:54:01 AM,01/16/2026 08:54:01 AM,,2008,John Deere,544J,,Wheel Loader,Active,DW544JZ619585,,"",$187.00,$748.00,"$3,019.00","$8,738.00","",7750S,"3248, 3977, 3978",600104,"","","","","","","","","","",
1081039962,FL6,12/29/2025,Primary,4615.0,hr,FALSE,,Manual,12/29/2025 12:49:29 PM,12/29/2025 12:49:29 PM,,2010,Skytrak,10054,,Forklift,Active,160039212,,"",$96.00,$550.00,"$1,536.00","$5,376.00","",7182,"3732, 3682","","","","","","","","","","","",
1081039878,FL6,12/29/2025,Primary,4615.0,hr,FALSE,,Manual,12/29/2025 12:49:11 PM,12/29/2025 12:49:11 PM,,2010,Skytrak,10054,,Forklift,Active,160039212,,"",$96.00,$550.00,"$1,536.00","$5,376.00","",7182,"3732, 3682","","","","","","","","","","","",
1071934467,ME7,12/21/2025,Primary,4977.0,hr,FALSE,,Service Entry #43528380,12/21/2025 07:33:16 AM,12/21/2025 07:33:16 AM,,2018,Caterpillar,305E2 CRCB,,Mini Excavator,Active,0H5M07082,,"",$102.00,$415.00,"$1,680.00","$5,032.00","","",600586 / CAT 363-5819 Incline,9462,9463 / CAT 415-2593,"","","","","","","","","",
1071934466,ME7,12/21/2025,Primary,4977.0,hr,FALSE,,Work Order #74,12/21/2025 07:33:15 AM,12/21/2025 07:33:15 AM,,2018,Caterpillar,305E2 CRCB,,Mini Excavator,Active,0H5M07082,,"",$102.00,$415.00,"$1,680.00","$5,032.00","","",600586 / CAT 363-5819 Incline,9462,9463 / CAT 415-2593,"","","","","","","","","",
1184234315,PU10,12/08/2025,Primary,35051.0,mi,FALSE,,Service Entry #46931822,03/30/2026 03:34:42 PM,03/30/2026 03:34:42 PM,Fleet,2024,Toyota,Tundra,Capstone HV,Pickup,Active,5TFVC5DB6RX056048,,"","","","","","","","","","","","","","","","","","","",
1057143833,ST5,12/05/2025,Primary,195065.0,mi,FALSE,,Manual,12/05/2025 10:24:12 AM,12/05/2025 10:24:12 AM,Fleet,2011,RAM,5500,,Service Truck,Active,3D6WU7CL4BG500622,,"",$102.00,$415.00,"$1,680.00","$5,032.00","",7620,"","","","","","","","","","","","",
1057143793,ST5,12/05/2025,Primary,195065.0,mi,FALSE,,Manual,12/05/2025 10:23:57 AM,12/05/2025 10:23:57 AM,Fleet,2011,RAM,5500,,Service Truck,Active,3D6WU7CL4BG500622,,"",$102.00,$415.00,"$1,680.00","$5,032.00","",7620,"","","","","","","","","","","","",
1052899882,FL5,12/01/2025,Primary,7989.0,hr,FALSE,"",Work Order #76,12/01/2025 06:32:47 AM,12/01/2025 07:42:46 AM,,2013,JLG,G12-55A,,Forklift,Active,160048663,,"",$96.00,$550.00,"$1,536.00","$5,376.00","",7182,Fleetguard FF 63009,AF55021,AF55312,"","","","","","","","","",
1049222948,PU8,11/26/2025,Primary,87911.0,mi,FALSE,,Service Entry #42830583,11/26/2025 12:20:52 PM,11/26/2025 12:20:52 PM,Fleet,2016,Ford,Transit Van,T350 XLT,Pickup,Active,1FBZX2ZM4GKA57261,,"","",$150.00,$441.00,"$1,044.00","","","","","","","","","","","","","","",
1049222946,PU8,11/26/2025,Primary,87911.0,mi,FALSE,,Work Order #75,11/26/2025 12:20:51 PM,11/26/2025 12:20:51 PM,Fleet,2016,Ford,Transit Van,T350 XLT,Pickup,Active,1FBZX2ZM4GKA57261,,"","",$150.00,$441.00,"$1,044.00","","","","","","","","","","","","","","",
1049203741,PU8,11/26/2025,Primary,87911.0,mi,FALSE,,Work Order #75,11/26/2025 11:10:34 AM,11/26/2025 11:10:34 AM,Fleet,2016,Ford,Transit Van,T350 XLT,Pickup,Active,1FBZX2ZM4GKA57261,,"","",$150.00,$441.00,"$1,044.00","","","","","","","","","","","","","","",
1049203059,PU8,11/26/2025,Primary,87911.0,mi,FALSE,,Manual,11/26/2025 11:08:52 AM,11/26/2025 11:08:52 AM,Fleet,2016,Ford,Transit Van,T350 XLT,Pickup,Active,1FBZX2ZM4GKA57261,,"","",$150.00,$441.00,"$1,044.00","","","","","","","","","","","","","","",
1049201737,EX13,11/26/2025,Primary,3427.0,hr,FALSE,,Manual,11/26/2025 11:04:25 AM,11/26/2025 11:04:25 AM,,2016,Hitachi,ZX135,,Excavator,Active,HCMDAEA1K00097613,,"","","","","","","","","","","","","","","","","","","",
1042608106,ME7,11/19/2025,Primary,4977.0,hr,FALSE,,Work Order #74,11/19/2025 07:33:18 AM,11/19/2025 07:33:18 AM,,2018,Caterpillar,305E2 CRCB,,Mini Excavator,Active,0H5M07082,,"",$102.00,$415.00,"$1,680.00","$5,032.00","","",600586 / CAT 363-5819 Incline,9462,9463 / CAT 415-2593,"","","","","","","","","",
1042580768,SW2,11/19/2025,Primary,935.0,hr,TRUE,,Service Entry #42625122,11/19/2025 06:55:36 AM,11/19/2025 06:55:36 AM,,2000,Laymore,8HC,,Sweeper,Active,27499-004,,"",$50.00,$200.00,$800.00,"$2,400.00","","",3390,"","","","","","","","","","","",
1042575375,ME7,11/19/2025,Primary,4977.0,hr,FALSE,,Manual,11/19/2025 06:44:24 AM,11/19/2025 06:44:24 AM,,2018,Caterpillar,305E2 CRCB,,Mini Excavator,Active,0H5M07082,,"",$102.00,$415.00,"$1,680.00","$5,032.00","","",600586 / CAT 363-5819 Incline,9462,9463 / CAT 415-2593,"","","","","","","","","",
1040745429,ME5,11/17/2025,Primary,5743.0,hr,FALSE,,Service Entry #42572139,11/17/2025 01:52:01 PM,11/17/2025 01:52:01 PM,,2018,Caterpillar,308E2 CRCB,,Mini Excavator,Active,0FJX10204,,"",$102.00,$415.00,"$1,680.00","$5,032.00","","",9462,9463 / CAT 415-2593,"","","","","","","","","","",
1040745428,ME5,11/17/2025,Primary,5743.0,hr,FALSE,,Work Order #68,11/17/2025 01:52:01 PM,11/17/2025 01:52:01 PM,,2018,Caterpillar,308E2 CRCB,,Mini Excavator,Active,0FJX10204,,"",$102.00,$415.00,"$1,680.00","$5,032.00","","",9462,9463 / CAT 415-2593,"","","","","","","","","","",
1036174957,EX12,11/12/2025,Primary,5234.0,hr,FALSE,,Manual,11/12/2025 09:03:14 AM,11/12/2025 09:03:14 AM,,2016,Caterpillar,325FL CR,,Excavator,Active,CAT0325FEXAA00419,,"","","","","","","","","","","","","","","","","","","",
1035207480,BH4,11/11/2025,Primary,5218.0,hr,TRUE,,Service Entry #42420391,11/11/2025 11:08:14 AM,11/11/2025 11:08:14 AM,,2006,John Deere,310SG,,Backhoe,Active,TO310SG960924,,"",$77.50,$310.00,"$1,220.00","$3,660.00","",7750S - 3.25 Gal,3668,6562,6569,"","",7624,7201,"","","","","",
1035207479,BH4,11/11/2025,Primary,5218.0,hr,TRUE,,Work Order #42,11/11/2025 11:08:14 AM,11/11/2025 11:08:14 AM,,2006,John Deere,310SG,,Backhoe,Active,TO310SG960924,,"",$77.50,$310.00,"$1,220.00","$3,660.00","",7750S - 3.25 Gal,3668,6562,6569,"","",7624,7201,"","","","","",
1035191897,DT2,11/11/2025,Primary,531678.0,mi,FALSE,,Service Entry #42418315,11/11/2025 10:15:17 AM,11/11/2025 10:15:17 AM,Fleet,2006,Kenworth,T800,,Dump Truck,Active,1NKDXB0X76R138191,,"",$124.00,$497.00,"$1,980.00","$6,270.00","","","","","","","","","","","","","","",
1035191896,DT2,11/11/2025,Primary,531678.0,mi,FALSE,,Work Order #69,11/11/2025 10:15:16 AM,11/11/2025 10:15:16 AM,Fleet,2006,Kenworth,T800,,Dump Truck,Active,1NKDXB0X76R138191,,"",$124.00,$497.00,"$1,980.00","$6,270.00","","","","","","","","","","","","","","",
1040745481,RL8,11/05/2025,Primary,732.0,hr,TRUE,,Service Entry #42572145,11/17/2025 01:52:15 PM,11/17/2025 01:52:15 PM,,2011,HAMM,HD12,,Roller,Active,H2001478,,"","","","","","","","","","","","","","","","","","","",
1029621058,RL8,11/05/2025,Primary,732.0,hr,TRUE,,Work Order #70,11/05/2025 10:30:43 AM,11/05/2025 10:30:43 AM,,2011,HAMM,HD12,,Roller,Active,H2001478,,"","","","","","","","","","","","","","","","","","","",
1029621057,RL8,11/05/2025,Primary,732.0,hr,TRUE,,Work Order #70,11/05/2025 10:30:43 AM,11/05/2025 10:30:43 AM,,2011,HAMM,HD12,,Roller,Active,H2001478,,"","","","","","","","","","","","","","","","","","","",
1029620301,RL8,11/05/2025,Primary,732.0,hr,FALSE,,Manual,11/05/2025 10:27:35 AM,11/05/2025 10:27:35 AM,,2011,HAMM,HD12,,Roller,Active,H2001478,,"","","","","","","","","","","","","","","","","","","",
1029619875,DT2,11/05/2025,Primary,531678.0,mi,FALSE,,Work Order #69,11/05/2025 10:26:08 AM,11/05/2025 10:26:08 AM,Fleet,2006,Kenworth,T800,,Dump Truck,Active,1NKDXB0X76R138191,,"",$124.00,$497.00,"$1,980.00","$6,270.00","","","","","","","","","","","","","","",
1029613831,ME5,11/05/2025,Primary,5743.0,hr,FALSE,,Work Order #68,11/05/2025 10:11:16 AM,11/05/2025 10:11:16 AM,,2018,Caterpillar,308E2 CRCB,,Mini Excavator,Active,0FJX10204,,"",$102.00,$415.00,"$1,680.00","$5,032.00","","",9462,9463 / CAT 415-2593,"","","","","","","","","","",
1016696418,WL5,10/22/2025,Primary,3570.0,hr,FALSE,,Service Entry #41854140,10/22/2025 01:29:00 PM,10/22/2025 01:29:00 PM,,2011,Caterpillar,289C,,Wheel Loader,Active,CAT0289CVJMP01979,,"",$56.25,$225.00,$875.00,"$2,615.00","",7106,600053,6562,"","","","","","","","","","",
1016696417,WL5,10/22/2025,Primary,3570.0,hr,FALSE,,Work Order #64,10/22/2025 01:29:00 PM,10/22/2025 01:29:00 PM,,2011,Caterpillar,289C,,Wheel Loader,Active,CAT0289CVJMP01979,,"",$56.25,$225.00,$875.00,"$2,615.00","",7106,600053,6562,"","","","","","","","","","",
1010293860,WL5,10/09/2025,Primary,3570.0,hr,FALSE,,Work Order #64,10/15/2025 12:39:59 PM,10/15/2025 12:39:59 PM,,2011,Caterpillar,289C,,Wheel Loader,Active,CAT0289CVJMP01979,,"",$56.25,$225.00,$875.00,"$2,615.00","",7106,600053,6562,"","","","","","","","","","",
991929418,RL6,09/24/2025,Primary,3020.0,hr,TRUE,,Manual,09/24/2025 11:03:43 AM,09/24/2025 11:03:43 AM,,2008,Caterpillar,CS56,,Roller,Active,C5S00381,,"",$131.00,$525.00,"$2,090.00","$6,270.00","",7325,"3606, 3076",9783,9782,326-1644,"",(2) 1G-8878,"","","","","","",
991929371,RL6,09/24/2025,Primary,3020.0,hr,TRUE,,Manual,09/24/2025 11:03:32 AM,09/24/2025 11:03:32 AM,,2008,Caterpillar,CS56,,Roller,Active,C5S00381,,"",$131.00,$525.00,"$2,090.00","$6,270.00","",7325,"3606, 3076",9783,9782,326-1644,"",(2) 1G-8878,"","","","","","",
991928401,BH1,09/24/2025,Primary,4355.0,hr,FALSE,,Manual,09/24/2025 11:00:46 AM,09/24/2025 11:00:46 AM,,2007,Caterpillar,420E,,Backhoe,Active,CAT0420ECHLS04735,,"",$92.00,$365.00,"$1,351.00","$4,043.00","",1459,3609,9108,9109,"","","","","","","","","",
991927104,SW2,09/24/2025,Primary,934.0,hr,FALSE,,Manual,09/24/2025 10:57:22 AM,09/24/2025 10:57:22 AM,,2000,Laymore,8HC,,Sweeper,Active,27499-004,,"",$50.00,$200.00,$800.00,"$2,400.00","","",3390,"","","","","","","","","","","",
991926972,WL1,09/24/2025,Primary,14369.0,hr,FALSE,,Manual,09/24/2025 10:56:59 AM,09/24/2025 10:56:59 AM,,2008,John Deere,624J,,Wheel Loader,Active,DW624JZ617237,,"",$187.00,$748.00,"$3,019.00","$8,738.00","",7750S - 6 Gal,3977 / 3978,6922,6923,"","","","","","","","","",
991926800,ME5,09/24/2025,Primary,5721.0,hr,FALSE,,Manual,09/24/2025 10:56:34 AM,09/24/2025 10:56:34 AM,,2018,Caterpillar,308E2 CRCB,,Mini Excavator,Active,0FJX10204,,"",$102.00,$415.00,"$1,680.00","$5,032.00","","",9462,9463 / CAT 415-2593,"","","","","","","","","","",
991926725,SW4,09/24/2025,Primary,1141.0,hr,FALSE,,Manual,09/24/2025 10:56:07 AM,09/24/2025 10:56:07 AM,,2018,Laymore,SM300,8' Towable Ride-on Broom Street Sweeper,Sweeper,Active,Serial 39089,,"","","","","","","","","","","","","","","","","","","",
991926585,WT1,09/24/2025,Primary,18287.0,mi,FALSE,,Manual,09/24/2025 10:55:35 AM,09/24/2025 10:55:35 AM,Fleet,2001,International,4700,,Water Truck,Active,1HTSCABN81H343644,,"",$101.00,$402.00,"$1,486.00","$4,447.00","",1734,3817,"","","","","","","","","","","",
991926227,BL5,09/24/2025,Primary,1533.0,hr,FALSE,,Manual,09/24/2025 10:54:32 AM,09/24/2025 10:54:32 AM,,2014,JLG,450AJ,,Articulated Boom Lift,In Shop,300194724,,"",$90.00,$495.00,"$1,520.00","$3,128.00","",1342,3943,"","","","","","","","","","","",
991926095,FL5,09/24/2025,Primary,7902.0,hr,FALSE,,Manual,09/24/2025 10:54:01 AM,09/24/2025 10:54:01 AM,,2013,JLG,G12-55A,,Forklift,Active,160048663,,"",$96.00,$550.00,"$1,536.00","$5,376.00","",7182,Fleetguard FF 63009,AF55021,AF55312,"","","","","","","","","",
991925501,WL3,09/24/2025,Primary,12168.0,hr,FALSE,,Manual,09/24/2025 10:51:28 AM,09/24/2025 10:51:28 AM,,2008,John Deere,544J,,Wheel Loader,Active,DW544JZ619585,,"",$187.00,$748.00,"$3,019.00","$8,738.00","",7750S,"3248, 3977, 3978",600104,"","","","","","","","","","",
991925397,ME9,09/24/2025,Primary,31.0,hr,FALSE,,Manual,09/24/2025 10:50:59 AM,09/24/2025 10:50:59 AM,,2025,Caterpillar,304CRCB,,Mini Excavator,Active,AN406574,,"","","","","","","","","","","","","","","","","","","",
991925322,WL5,09/24/2025,Primary,3558.0,hr,FALSE,,Manual,09/24/2025 10:50:36 AM,09/24/2025 10:50:36 AM,,2011,Caterpillar,289C,,Wheel Loader,Active,CAT0289CVJMP01979,,"",$56.25,$225.00,$875.00,"$2,615.00","",7106,600053,6562,"","","","","","","","","","",
991925123,ST4,09/24/2025,Primary,146972.0,mi,FALSE,,Manual,09/24/2025 10:49:54 AM,09/24/2025 10:49:54 AM,Fleet,2017,Ford,F-450 Super Duty,,Service Truck,Active,1FD0W4HT2HED69098,,"",$102.00,$415.00,"$1,680.00","$5,032.00","","","","","","","","","","","","","","",
991924979,RL8,09/24/2025,Primary,714.0,hr,FALSE,,Manual,09/24/2025 10:49:28 AM,09/24/2025 10:49:28 AM,,2011,HAMM,HD12,,Roller,Active,H2001478,,"","","","","","","","","","","","","","","","","","","",
991924464,DT1,09/24/2025,Primary,324806.0,mi,TRUE,,Manual,09/24/2025 10:47:25 AM,09/24/2025 10:47:25 AM,Fleet,2007,Kenworth,W900,,Dump Truck,Active,1NKWXB0X07R159782,,"",$131.00,$525.00,"$2,090.00","$5,940.00","",1792 - 9 Gal,3412 & 3674,"","","",4070,"","","","","","","",
991923945,EX12,09/24/2025,Primary,5201.0,hr,FALSE,,Manual,09/24/2025 10:45:20 AM,09/24/2025 10:45:20 AM,,2016,Caterpillar,325FL CR,,Excavator,Active,CAT0325FEXAA00419,,"","","","","","","","","","","","","","","","","","","",
991923738,EX12,09/24/2025,Primary,5201.0,hr,FALSE,,Manual,09/24/2025 10:44:20 AM,09/24/2025 10:44:20 AM,,2016,Caterpillar,325FL CR,,Excavator,Active,CAT0325FEXAA00419,,"","","","","","","","","","","","","","","","","","","",
991923644,FL6,09/24/2025,Primary,4491.0,hr,FALSE,,Manual,09/24/2025 10:43:59 AM,09/24/2025 10:43:59 AM,,2010,Skytrak,10054,,Forklift,Active,160039212,,"",$96.00,$550.00,"$1,536.00","$5,376.00","",7182,"3732, 3682","","","","","","","","","","","",
991923597,FL6,09/24/2025,Primary,4491.0,hr,FALSE,,Manual,09/24/2025 10:43:46 AM,09/24/2025 10:43:46 AM,,2010,Skytrak,10054,,Forklift,Active,160039212,,"",$96.00,$550.00,"$1,536.00","$5,376.00","",7182,"3732, 3682","","","","","","","","","","","",
991923435,ME7,09/24/2025,Primary,4860.0,hr,FALSE,,Manual,09/24/2025 10:42:56 AM,09/24/2025 10:42:56 AM,,2018,Caterpillar,305E2 CRCB,,Mini Excavator,Active,0H5M07082,,"",$102.00,$415.00,"$1,680.00","$5,032.00","","",600586 / CAT 363-5819 Incline,9462,9463 / CAT 415-2593,"","","","","","","","","",
991923351,BL7,09/24/2025,Primary,4598.0,hr,FALSE,,Manual,09/24/2025 10:42:32 AM,09/24/2025 10:42:32 AM,,2015,Genie,S-60X,,Boom Lift,Active,S60X15A-29786,,"","","","","","","","","","","","","","","","","","","",
991923200,DT1,09/24/2025,Primary,324806.0,mi,TRUE,,Manual,09/24/2025 10:41:46 AM,09/24/2025 10:41:46 AM,Fleet,2007,Kenworth,W900,,Dump Truck,Active,1NKWXB0X07R159782,,"",$131.00,$525.00,"$2,090.00","$5,940.00","",1792 - 9 Gal,3412 & 3674,"","","",4070,"","","","","","","",
991922753,DT2,09/24/2025,Primary,530670.0,mi,FALSE,,Manual,09/24/2025 10:39:53 AM,09/24/2025 10:39:53 AM,Fleet,2006,Kenworth,T800,,Dump Truck,Active,1NKDXB0X76R138191,,"",$124.00,$497.00,"$1,980.00","$6,270.00","","","","","","","","","","","","","","",
991922434,DT1,09/24/2025,Primary,324806.0,mi,TRUE,,Manual,09/24/2025 10:39:05 AM,09/24/2025 10:39:05 AM,Fleet,2007,Kenworth,W900,,Dump Truck,Active,1NKWXB0X07R159782,,"",$131.00,$525.00,"$2,090.00","$5,940.00","",1792 - 9 Gal,3412 & 3674,"","","",4070,"","","","","","","",
990016754,FL5,09/22/2025,Primary,7237.0,hr,TRUE,,Service Entry #40745296,09/22/2025 10:54:41 AM,09/22/2025 10:54:41 AM,,2013,JLG,G12-55A,,Forklift,Active,160048663,,"",$96.00,$550.00,"$1,536.00","$5,376.00","",7182,Fleetguard FF 63009,AF55021,AF55312,"","","","","","","","","",
990016753,FL5,09/22/2025,Primary,7237.0,hr,TRUE,,Work Order #9,09/22/2025 10:54:41 AM,09/22/2025 10:54:41 AM,,2013,JLG,G12-55A,,Forklift,Active,160048663,,"",$96.00,$550.00,"$1,536.00","$5,376.00","",7182,Fleetguard FF 63009,AF55021,AF55312,"","","","","","","","","",
1184236095,PU10,09/18/2025,Primary,31405.0,mi,FALSE,,Service Entry #46932146,03/30/2026 03:41:28 PM,03/30/2026 03:41:28 PM,Fleet,2024,Toyota,Tundra,Capstone HV,Pickup,Active,5TFVC5DB6RX056048,,"","","","","","","","","","","","","","","","","","","",
989965801,RL6,09/18/2025,Primary,3020.0,hr,TRUE,,Service Entry #40739460,09/22/2025 08:46:09 AM,09/22/2025 08:46:09 AM,,2008,Caterpillar,CS56,,Roller,Active,C5S00381,,"",$131.00,$525.00,"$2,090.00","$6,270.00","",7325,"3606, 3076",9783,9782,326-1644,"",(2) 1G-8878,"","","","","","",
986063556,ME5,09/17/2025,Primary,5719.0,hr,FALSE,,Manual,09/17/2025 10:11:05 AM,09/17/2025 10:11:05 AM,,2018,Caterpillar,308E2 CRCB,,Mini Excavator,Active,0FJX10204,,"",$102.00,$415.00,"$1,680.00","$5,032.00","","",9462,9463 / CAT 415-2593,"","","","","","","","","","",
987830605,RL6,09/15/2025,Primary,3020.0,hr,TRUE,,Work Order #60,09/19/2025 11:03:26 AM,09/19/2025 11:03:26 AM,,2008,Caterpillar,CS56,,Roller,Active,C5S00381,,"",$131.00,$525.00,"$2,090.00","$6,270.00","",7325,"3606, 3076",9783,9782,326-1644,"",(2) 1G-8878,"","","","","","",
987830604,RL6,09/15/2025,Primary,3020.0,hr,TRUE,,Work Order #60,09/19/2025 11:03:26 AM,09/19/2025 11:03:26 AM,,2008,Caterpillar,CS56,,Roller,Active,C5S00381,,"",$131.00,$525.00,"$2,090.00","$6,270.00","",7325,"3606, 3076",9783,9782,326-1644,"",(2) 1G-8878,"","","","","","",
984274085,EX11,09/15/2025,Primary,3184.0,hr,FALSE,,Service Entry #40553362,09/15/2025 10:49:44 AM,09/15/2025 10:49:44 AM,,2018,Caterpillar,320GC,,Excavator,Active,CAT320GCKKTN00183,,"","","","","","","","","","","","","","","","","","","",
984272867,ST5,09/15/2025,Primary,192697.0,mi,FALSE,,Service Entry #40553228,09/15/2025 10:45:40 AM,09/15/2025 10:45:40 AM,Fleet,2011,RAM,5500,,Service Truck,Active,3D6WU7CL4BG500622,,"",$102.00,$415.00,"$1,680.00","$5,032.00","",7620,"","","","","","","","","","","","",
984272865,ST5,09/15/2025,Primary,192697.0,mi,FALSE,,Work Order #58,09/15/2025 10:45:40 AM,09/15/2025 10:45:40 AM,Fleet,2011,RAM,5500,,Service Truck,Active,3D6WU7CL4BG500622,,"",$102.00,$415.00,"$1,680.00","$5,032.00","",7620,"","","","","","","","","","","","",
984272747,ME9,09/15/2025,Primary,3.0,hr,FALSE,,Service Entry #40553210,09/15/2025 10:45:14 AM,09/15/2025 10:45:14 AM,,2025,Caterpillar,304CRCB,,Mini Excavator,Active,AN406574,,"","","","","","","","","","","","","","","","","","","",
984272636,ME9,09/15/2025,Primary,3.0,hr,FALSE,,Work Order #59,09/15/2025 10:44:56 AM,09/15/2025 10:44:56 AM,,2025,Caterpillar,304CRCB,,Mini Excavator,Active,AN406574,,"","","","","","","","","","","","","","","","","","","",
984271015,ST5,09/15/2025,Primary,192697.0,mi,FALSE,,Work Order #58,09/15/2025 10:40:08 AM,09/15/2025 10:40:08 AM,Fleet,2011,RAM,5500,,Service Truck,Active,3D6WU7CL4BG500622,,"",$102.00,$415.00,"$1,680.00","$5,032.00","",7620,"","","","","","","","","","","","",
984272635,ME9,09/14/2025,Primary,3.0,hr,FALSE,,Work Order #59,09/15/2025 10:44:56 AM,09/15/2025 10:44:56 AM,,2025,Caterpillar,304CRCB,,Mini Excavator,Active,AN406574,,"","","","","","","","","","","","","","","","","","","",
975206567,EX11,09/04/2025,Primary,3184.0,hr,FALSE,,Service Entry #40301637,09/04/2025 01:24:07 PM,09/04/2025 01:24:07 PM,,2018,Caterpillar,320GC,,Excavator,Active,CAT320GCKKTN00183,,"","","","","","","","","","","","","","","","","","","",
974289209,ME8,09/03/2025,Primary,1904.0,hr,FALSE,,Manual,09/03/2025 01:42:25 PM,09/03/2025 01:42:25 PM,,2018,Takeuchi,TB240,,Mini Excavator,Active,124003653,,"","","","","","",1334,600369,6438,2985,"","","","","","","","","",
974289130,ME8,09/03/2025,Primary,1904.0,hr,FALSE,,Manual,09/03/2025 01:42:13 PM,09/03/2025 01:42:13 PM,,2018,Takeuchi,TB240,,Mini Excavator,Active,124003653,,"","","","","","",1334,600369,6438,2985,"","","","","","","","","",
974288434,BH4,09/03/2025,Primary,5416.0,hr,FALSE,,Vehicle Assignment #8408661,09/03/2025 01:39:46 PM,09/03/2025 01:39:46 PM,,2006,John Deere,310SG,,Backhoe,Active,TO310SG960924,,"",$77.50,$310.00,"$1,220.00","$3,660.00","",7750S - 3.25 Gal,3668,6562,6569,"","",7624,7201,"","","","","",
974288219,WL1,09/03/2025,Primary,14369.0,hr,FALSE,,Vehicle Assignment #3060589,09/03/2025 01:38:50 PM,09/03/2025 01:38:50 PM,,2008,John Deere,624J,,Wheel Loader,Active,DW624JZ617237,,"",$187.00,$748.00,"$3,019.00","$8,738.00","",7750S - 6 Gal,3977 / 3978,6922,6923,"","","","","","","","","",
958322295,SW2,08/14/2025,Primary,933.0,hr,FALSE,,Service Entry #39682338,08/14/2025 09:20:12 AM,08/14/2025 09:20:12 AM,,2000,Laymore,8HC,,Sweeper,Active,27499-004,,"",$50.00,$200.00,$800.00,"$2,400.00","","",3390,"","","","","","","","","","","",
958254645,ME7,08/14/2025,Primary,4686.0,hr,FALSE,,Service Entry #39675449,08/14/2025 06:34:05 AM,08/14/2025 06:34:05 AM,,2018,Caterpillar,305E2 CRCB,,Mini Excavator,Active,0H5M07082,,"",$102.00,$415.00,"$1,680.00","$5,032.00","","",600586 / CAT 363-5819 Incline,9462,9463 / CAT 415-2593,"","","","","","","","","",
955867881,FL5,08/11/2025,Primary,7862.0,hr,FALSE,,Service Entry #39588488,08/11/2025 01:38:45 PM,08/11/2025 01:38:45 PM,,2013,JLG,G12-55A,,Forklift,Active,160048663,,"",$96.00,$550.00,"$1,536.00","$5,376.00","",7182,Fleetguard FF 63009,AF55021,AF55312,"","","","","","","","","",
955867101,ME5,08/11/2025,Primary,5664.0,hr,FALSE,,Service Entry #39588385,08/11/2025 01:35:01 PM,08/11/2025 01:35:01 PM,,2018,Caterpillar,308E2 CRCB,,Mini Excavator,Active,0FJX10204,,"",$102.00,$415.00,"$1,680.00","$5,032.00","","",9462,9463 / CAT 415-2593,"","","","","","","","","","",
953787681,RL8,08/08/2025,Primary,687.0,hr,FALSE,,Service Entry #39533525,08/08/2025 01:27:37 PM,08/08/2025 01:27:37 PM,,2011,HAMM,HD12,,Roller,Active,H2001478,,"","","","","","","","","","","","","","","","","","","",
953714000,BH4,08/08/2025,Primary,5416.0,hr,FALSE,,Vehicle Assignment #3060703,08/08/2025 08:49:32 AM,08/08/2025 08:49:32 AM,,2006,John Deere,310SG,,Backhoe,Active,TO310SG960924,,"",$77.50,$310.00,"$1,220.00","$3,660.00","",7750S - 3.25 Gal,3668,6562,6569,"","",7624,7201,"","","","","",
952819738,ST6,08/07/2025,Primary,98883.0,mi,FALSE,,Service Entry #39417323,08/07/2025 10:10:13 AM,08/07/2025 10:10:13 AM,Fleet,2016,Ford,F-550 Super Duty,4WD Crew Cab,Service Truck,Active,1FD0W5HT9GED17018,,"","","","","","","","","","","","","","","","","","","",
951883294,FL6,08/06/2025,Primary,4439.0,hr,FALSE,,Issue #13084326,08/06/2025 10:38:52 AM,08/06/2025 10:38:52 AM,,2010,Skytrak,10054,,Forklift,Active,160039212,,"",$96.00,$550.00,"$1,536.00","$5,376.00","",7182,"3732, 3682","","","","","","","","","","","",
948108537,SW4,08/01/2025,Primary,1132.0,hr,FALSE,,Service Entry #39209097,08/01/2025 09:50:43 AM,08/01/2025 09:50:43 AM,,2018,Laymore,SM300,8' Towable Ride-on Broom Street Sweeper,Sweeper,Active,Serial 39089,,"","","","","","","","","","","","","","","","","","","",
944660032,PU13,07/28/2025,Primary,61401.0,mi,FALSE,,Service Entry #38987723,07/28/2025 08:37:01 AM,11/03/2025 12:22:39 PM,Fleet,2014,Ford,F250,Tommy Gate-Lift Gate,Pickup,Out of Service,1FT7X2AT5EEA60798,,"","","","","",16mm,"","","","","","","","","","","","","",
942724695,FL6,07/25/2025,Primary,4426.0,hr,FALSE,,Service Entry #38933895,07/25/2025 08:00:13 AM,07/25/2025 08:00:13 AM,,2010,Skytrak,10054,,Forklift,Active,160039212,,"",$96.00,$550.00,"$1,536.00","$5,376.00","",7182,"3732, 3682","","","","","","","","","","","",
940485644,SW4,07/22/2025,Primary,1132.0,hr,FALSE,,Purchase Detail #2199051,07/22/2025 02:28:26 PM,07/28/2025 02:05:56 PM,,2018,Laymore,SM300,8' Towable Ride-on Broom Street Sweeper,Sweeper,Active,Serial 39089,,"","","","","","","","","","","","","","","","","","","",
935308090,WL1,07/15/2025,Primary,14260.0,hr,FALSE,,Service Entry #38549981,07/15/2025 09:48:36 AM,07/15/2025 09:48:36 AM,,2008,John Deere,624J,,Wheel Loader,Active,DW624JZ617237,,"",$187.00,$748.00,"$3,019.00","$8,738.00","",7750S - 6 Gal,3977 / 3978,6922,6923,"","","","","","","","","",
931030513,ST1 - Sold,07/09/2025,Primary,247136.0,mi,FALSE,,Manual,07/09/2025 01:06:54 PM,09/09/2025 11:01:58 AM,Fleet,2007,GMC,TopKick C4500,,Service Truck,Sold,1GDE4C1277F408235,,"",$102.00,$415.00,"$1,680.00","$5,032.00","",7202,3960,"","","","","","","","","","","",
931030395,PU6 - Sold,07/09/2025,Primary,170026.0,mi,FALSE,,Manual,07/09/2025 01:06:27 PM,09/09/2025 10:49:03 AM,Fleet,2014,Ford,F150,XL,Pickup,Sold,1FTNF1CFXEKD16575,,"","",$150.00,$441.43,"$1,044.00","","","","","","","","","","","","","","",
921041424,ME8,06/26/2025,Primary,1814.0,hr,FALSE,,Manual,06/26/2025 11:20:22 AM,06/26/2025 11:20:22 AM,,2018,Takeuchi,TB240,,Mini Excavator,Active,124003653,,"","","","","","",1334,600369,6438,2985,"","","","","","","","","",
911210718,BL5,06/13/2025,Primary,1531.0,hr,FALSE,,Manual,06/13/2025 07:34:36 AM,06/13/2025 07:34:36 AM,,2014,JLG,450AJ,,Articulated Boom Lift,In Shop,300194724,,"",$90.00,$495.00,"$1,520.00","$3,128.00","",1342,3943,"","","","","","","","","","","",
911210247,FL6,06/13/2025,Primary,4367.0,hr,FALSE,,Manual,06/13/2025 07:33:45 AM,06/13/2025 07:33:45 AM,,2010,Skytrak,10054,,Forklift,Active,160039212,,"",$96.00,$550.00,"$1,536.00","$5,376.00","",7182,"3732, 3682","","","","","","","","","","","",
911209994,ME7,06/13/2025,Primary,4441.0,hr,FALSE,,Manual,06/13/2025 07:33:17 AM,06/13/2025 07:33:17 AM,,2018,Caterpillar,305E2 CRCB,,Mini Excavator,Active,0H5M07082,,"",$102.00,$415.00,"$1,680.00","$5,032.00","","",600586 / CAT 363-5819 Incline,9462,9463 / CAT 415-2593,"","","","","","","","","",
911209769,WL1,06/13/2025,Primary,14236.0,hr,FALSE,,Manual,06/13/2025 07:32:53 AM,06/13/2025 07:32:53 AM,,2008,John Deere,624J,,Wheel Loader,Active,DW624JZ617237,,"",$187.00,$748.00,"$3,019.00","$8,738.00","",7750S - 6 Gal,3977 / 3978,6922,6923,"","","","","","","","","",
911209452,EX12,06/13/2025,Primary,5098.0,hr,FALSE,,Manual,06/13/2025 07:32:17 AM,06/13/2025 07:32:17 AM,,2016,Caterpillar,325FL CR,,Excavator,Active,CAT0325FEXAA00419,,"","","","","","","","","","","","","","","","","","","",
911208698,ME8,06/13/2025,Primary,1764.0,hr,FALSE,,Manual,06/13/2025 07:30:55 AM,06/13/2025 07:30:55 AM,,2018,Takeuchi,TB240,,Mini Excavator,Active,124003653,,"","","","","","",1334,600369,6438,2985,"","","","","","","","","",
911207429,ST5,06/13/2025,Primary,189509.0,mi,FALSE,,Manual,06/13/2025 07:28:42 AM,06/13/2025 07:28:42 AM,Fleet,2011,RAM,5500,,Service Truck,Active,3D6WU7CL4BG500622,,"",$102.00,$415.00,"$1,680.00","$5,032.00","",7620,"","","","","","","","","","","","",
911206915,ST4,06/13/2025,Primary,143910.0,mi,FALSE,,Manual,06/13/2025 07:27:47 AM,06/13/2025 07:27:47 AM,Fleet,2017,Ford,F-450 Super Duty,,Service Truck,Active,1FD0W4HT2HED69098,,"",$102.00,$415.00,"$1,680.00","$5,032.00","","","","","","","","","","","","","","",
911206608,ME5,06/13/2025,Primary,5500.0,hr,FALSE,,Manual,06/13/2025 07:27:15 AM,06/13/2025 07:27:15 AM,,2018,Caterpillar,308E2 CRCB,,Mini Excavator,Active,0FJX10204,,"",$102.00,$415.00,"$1,680.00","$5,032.00","","",9462,9463 / CAT 415-2593,"","","","","","","","","","",
911206254,EX11,06/13/2025,Primary,3091.0,hr,FALSE,,Manual,06/13/2025 07:26:34 AM,06/13/2025 07:26:34 AM,,2018,Caterpillar,320GC,,Excavator,Active,CAT320GCKKTN00183,,"","","","","","","","","","","","","","","","","","","",
911205813,DT2,06/13/2025,Primary,528670.0,mi,FALSE,,Manual,06/13/2025 07:25:35 AM,06/13/2025 07:25:35 AM,Fleet,2006,Kenworth,T800,,Dump Truck,Active,1NKDXB0X76R138191,,"",$124.00,$497.00,"$1,980.00","$6,270.00","","","","","","","","","","","","","","",
908756203,DZ4,06/09/2025,Primary,4288.0,hr,FALSE,,Service Entry #36940644,06/10/2025 08:05:16 AM,06/10/2025 08:05:16 AM,,2015,Caterpillar,D6K2 XLT,,Bulldozer,Active,WMR00849,,"","","","","","","","","","","","","","","","","","","",
904448711,ME7,06/02/2025,Primary,4387.0,hr,FALSE,,Service Entry #36785078,06/04/2025 06:35:10 AM,06/04/2025 06:35:10 AM,,2018,Caterpillar,305E2 CRCB,,Mini Excavator,Active,0H5M07082,,"",$102.00,$415.00,"$1,680.00","$5,032.00","","",600586 / CAT 363-5819 Incline,9462,9463 / CAT 415-2593,"","","","","","","","","",
904448553,ME7,06/02/2025,Primary,4387.0,hr,FALSE,,Work Order #56,06/04/2025 06:34:43 AM,06/04/2025 06:34:43 AM,,2018,Caterpillar,305E2 CRCB,,Mini Excavator,Active,0H5M07082,,"",$102.00,$415.00,"$1,680.00","$5,032.00","","",600586 / CAT 363-5819 Incline,9462,9463 / CAT 415-2593,"","","","","","","","","",
904448552,ME7,06/02/2025,Primary,4387.0,hr,FALSE,,Work Order #56,06/04/2025 06:34:43 AM,06/04/2025 06:34:43 AM,,2018,Caterpillar,305E2 CRCB,,Mini Excavator,Active,0H5M07082,,"",$102.00,$415.00,"$1,680.00","$5,032.00","","",600586 / CAT 363-5819 Incline,9462,9463 / CAT 415-2593,"","","","","","","","","",
902835856,ME7,06/02/2025,Primary,4387.0,hr,FALSE,,Manual,06/02/2025 05:41:08 AM,06/02/2025 05:41:08 AM,,2018,Caterpillar,305E2 CRCB,,Mini Excavator,Active,0H5M07082,,"",$102.00,$415.00,"$1,680.00","$5,032.00","","",600586 / CAT 363-5819 Incline,9462,9463 / CAT 415-2593,"","","","","","","","","",
901086986,ME5,05/30/2025,Primary,5469.0,hr,FALSE,,Issue #12166602,05/30/2025 01:06:13 PM,05/30/2025 01:06:13 PM,,2018,Caterpillar,308E2 CRCB,,Mini Excavator,Active,0FJX10204,,"",$102.00,$415.00,"$1,680.00","$5,032.00","","",9462,9463 / CAT 415-2593,"","","","","","","","","","",
901086679,ME5,05/30/2025,Primary,5469.0,hr,FALSE,,Manual,05/30/2025 01:04:48 PM,05/30/2025 01:04:48 PM,,2018,Caterpillar,308E2 CRCB,,Mini Excavator,Active,0FJX10204,,"",$102.00,$415.00,"$1,680.00","$5,032.00","","",9462,9463 / CAT 415-2593,"","","","","","","","","","",
891219450,PU10,05/16/2025,Primary,25516.0,mi,FALSE,,Service Entry #36314100,05/16/2025 01:18:50 PM,05/16/2025 01:18:50 PM,Fleet,2024,Toyota,Tundra,Capstone HV,Pickup,Active,5TFVC5DB6RX056048,,"","","","","","","","","","","","","","","","","","","",
891219158,PU10,05/16/2025,Primary,25516.0,mi,FALSE,,Manual,05/16/2025 01:17:20 PM,05/16/2025 01:17:20 PM,Fleet,2024,Toyota,Tundra,Capstone HV,Pickup,Active,5TFVC5DB6RX056048,,"","","","","","","","","","","","","","","","","","","",
888060177,BH4,05/12/2025,Primary,5368.0,hr,FALSE,,Manual,05/12/2025 09:37:30 AM,05/12/2025 09:37:30 AM,,2006,John Deere,310SG,,Backhoe,Active,TO310SG960924,,"",$77.50,$310.00,"$1,220.00","$3,660.00","",7750S - 3.25 Gal,3668,6562,6569,"","",7624,7201,"","","","","",
886256216,ME8,05/09/2025,Primary,1679.0,hr,FALSE,,Manual,05/09/2025 01:40:02 PM,05/09/2025 01:40:02 PM,,2018,Takeuchi,TB240,,Mini Excavator,Active,124003653,,"","","","","","",1334,600369,6438,2985,"","","","","","","","","",
885462781,BH1,05/08/2025,Primary,4310.0,hr,FALSE,,Service Entry #36091179,05/08/2025 02:47:02 PM,05/08/2025 02:47:02 PM,,2007,Caterpillar,420E,,Backhoe,Active,CAT0420ECHLS04735,,"",$92.00,$365.00,"$1,351.00","$4,043.00","",1459,3609,9108,9109,"","","","","","","","","",
885462625,PU13,05/08/2025,Primary,58521.0,mi,FALSE,,Service Entry #36091147,05/08/2025 02:46:06 PM,11/03/2025 12:22:39 PM,Fleet,2014,Ford,F250,Tommy Gate-Lift Gate,Pickup,Out of Service,1FT7X2AT5EEA60798,,"","","","","",16mm,"","","","","","","","","","","","","",
885462357,PU6 - Sold,05/08/2025,Primary,169000.0,mi,FALSE,,Service Entry #36091086,05/08/2025 02:44:37 PM,09/09/2025 10:49:03 AM,Fleet,2014,Ford,F150,XL,Pickup,Sold,1FTNF1CFXEKD16575,,"","",$150.00,$441.43,"$1,044.00","","","","","","","","","","","","","","",
885460298,ME7,05/08/2025,Primary,4291.0,hr,FALSE,,Manual,05/08/2025 02:33:17 PM,05/08/2025 02:33:17 PM,,2018,Caterpillar,305E2 CRCB,,Mini Excavator,Active,0H5M07082,,"",$102.00,$415.00,"$1,680.00","$5,032.00","","",600586 / CAT 363-5819 Incline,9462,9463 / CAT 415-2593,"","","","","","","","","",
885460241,ME7,05/08/2025,Primary,4291.0,hr,FALSE,,Manual,05/08/2025 02:32:58 PM,05/08/2025 02:32:58 PM,,2018,Caterpillar,305E2 CRCB,,Mini Excavator,Active,0H5M07082,,"",$102.00,$415.00,"$1,680.00","$5,032.00","","",600586 / CAT 363-5819 Incline,9462,9463 / CAT 415-2593,"","","","","","","","","",
883792128,WT1,05/06/2025,Primary,18287.0,mi,FALSE,,Manual,05/06/2025 09:58:19 AM,05/06/2025 09:58:19 AM,Fleet,2001,International,4700,,Water Truck,Active,1HTSCABN81H343644,,"",$101.00,$402.00,"$1,486.00","$4,447.00","",1734,3817,"","","","","","","","","","","",
885463125,FL4,04/25/2025,Primary,7200.0,hr,FALSE,,Service Entry #36091196,05/08/2025 02:48:18 PM,05/08/2025 02:48:18 PM,,2008,Skytrack,10042,,Forklift,Active,160036322,,"",$137.50,$550.00,"$1,408.00","$4,928.00","",7182,"3397, 3732",2330,2816,"","",PT9342,BT8415,"","","","","",
875459016,FL4,04/25/2025,Primary,7200.0,hr,FALSE,,Work Order #52,04/24/2025 06:58:07 AM,04/24/2025 06:58:07 AM,,2008,Skytrack,10042,,Forklift,Active,160036322,,"",$137.50,$550.00,"$1,408.00","$4,928.00","",7182,"3397, 3732",2330,2816,"","",PT9342,BT8415,"","","","","",
875480478,WL3,04/24/2025,Primary,11711.0,hr,FALSE,,Service Entry #35683936,04/24/2025 07:49:53 AM,04/24/2025 07:49:53 AM,,2008,John Deere,544J,,Wheel Loader,Active,DW544JZ619585,,"",$187.00,$748.00,"$3,019.00","$8,738.00","",7750S,"3248, 3977, 3978",600104,"","","","","","","","","","",
875479645,WL1,04/24/2025,Primary,14035.0,hr,FALSE,,Service Entry #35683839,04/24/2025 07:47:10 AM,04/24/2025 07:47:10 AM,,2008,John Deere,624J,,Wheel Loader,Active,DW624JZ617237,,"",$187.00,$748.00,"$3,019.00","$8,738.00","",7750S - 6 Gal,3977 / 3978,6922,6923,"","","","","","","","","",
875459931,FL5,04/24/2025,Primary,7589.0,hr,FALSE,,Service Entry #35681910,04/24/2025 07:00:47 AM,04/24/2025 07:00:47 AM,,2013,JLG,G12-55A,,Forklift,Active,160048663,,"",$96.00,$550.00,"$1,536.00","$5,376.00","",7182,Fleetguard FF 63009,AF55021,AF55312,"","","","","","","","","",
875459930,FL5,04/24/2025,Primary,7589.0,hr,FALSE,,Work Order #54,04/24/2025 07:00:47 AM,04/24/2025 07:00:47 AM,,2013,JLG,G12-55A,,Forklift,Active,160048663,,"",$96.00,$550.00,"$1,536.00","$5,376.00","",7182,Fleetguard FF 63009,AF55021,AF55312,"","","","","","","","","",
875459929,FL5,04/24/2025,Primary,7589.0,hr,FALSE,,Work Order #54,04/24/2025 07:00:47 AM,04/24/2025 07:00:47 AM,,2013,JLG,G12-55A,,Forklift,Active,160048663,,"",$96.00,$550.00,"$1,536.00","$5,376.00","",7182,Fleetguard FF 63009,AF55021,AF55312,"","","","","","","","","",
875459467,FL6,04/24/2025,Primary,4287.0,hr,FALSE,,Service Entry #35681874,04/24/2025 06:59:41 AM,04/24/2025 06:59:41 AM,,2010,Skytrak,10054,,Forklift,Active,160039212,,"",$96.00,$550.00,"$1,536.00","$5,376.00","",7182,"3732, 3682","","","","","","","","","","","",
875459465,FL6,04/24/2025,Primary,4287.0,hr,FALSE,,Work Order #53,04/24/2025 06:59:41 AM,04/24/2025 06:59:41 AM,,2010,Skytrak,10054,,Forklift,Active,160039212,,"",$96.00,$550.00,"$1,536.00","$5,376.00","",7182,"3732, 3682","","","","","","","","","","","",
875459464,FL6,04/24/2025,Primary,4287.0,hr,FALSE,,Work Order #53,04/24/2025 06:59:41 AM,04/24/2025 06:59:41 AM,,2010,Skytrak,10054,,Forklift,Active,160039212,,"",$96.00,$550.00,"$1,536.00","$5,376.00","",7182,"3732, 3682","","","","","","","","","","","",
875459015,FL4,04/24/2025,Primary,7200.0,hr,FALSE,"",Work Order #52,04/24/2025 06:58:07 AM,05/08/2025 02:48:18 PM,,2008,Skytrack,10042,,Forklift,Active,160036322,,"",$137.50,$550.00,"$1,408.00","$4,928.00","",7182,"3397, 3732",2330,2816,"","",PT9342,BT8415,"","","","","",
875457192,WL3,04/24/2025,Primary,11710.0,hr,FALSE,,Service Entry #35681594,04/24/2025 06:50:35 AM,04/24/2025 06:50:35 AM,,2008,John Deere,544J,,Wheel Loader,Active,DW544JZ619585,,"",$187.00,$748.00,"$3,019.00","$8,738.00","",7750S,"3248, 3977, 3978",600104,"","","","","","","","","","",
875457190,WL3,04/24/2025,Primary,11710.0,hr,FALSE,,Work Order #51,04/24/2025 06:50:35 AM,04/24/2025 06:50:35 AM,,2008,John Deere,544J,,Wheel Loader,Active,DW544JZ619585,,"",$187.00,$748.00,"$3,019.00","$8,738.00","",7750S,"3248, 3977, 3978",600104,"","","","","","","","","","",
875457189,WL3,04/23/2025,Primary,11709.0,hr,FALSE,,Work Order #51,04/24/2025 06:50:35 AM,04/24/2025 06:50:35 AM,,2008,John Deere,544J,,Wheel Loader,Active,DW544JZ619585,,"",$187.00,$748.00,"$3,019.00","$8,738.00","",7750S,"3248, 3977, 3978",600104,"","","","","","","","","","",
870779996,FL6,04/17/2025,Primary,4286.8,hr,FALSE,,Issue #11624546,04/17/2025 01:03:36 PM,04/17/2025 01:03:36 PM,,2010,Skytrak,10054,,Forklift,Active,160039212,,"",$96.00,$550.00,"$1,536.00","$5,376.00","",7182,"3732, 3682","","","","","","","","","","","",
869317115,DT1,04/15/2025,Primary,320599.0,mi,TRUE,,Manual,04/15/2025 01:44:26 PM,04/15/2025 01:44:26 PM,Fleet,2007,Kenworth,W900,,Dump Truck,Active,1NKWXB0X07R159782,,"",$131.00,$525.00,"$2,090.00","$5,940.00","",1792 - 9 Gal,3412 & 3674,"","","",4070,"","","","","","","",
866653999,PU13,04/11/2025,Primary,57968.0,mi,FALSE,,Service Entry #35386640,04/11/2025 08:59:42 AM,11/03/2025 12:22:39 PM,Fleet,2014,Ford,F250,Tommy Gate-Lift Gate,Pickup,Out of Service,1FT7X2AT5EEA60798,,"","","","","",16mm,"","","","","","","","","","","","","",
865249432,PU13,04/09/2025,Primary,57922.0,mi,FALSE,,Purchase Detail #2083808,04/09/2025 01:12:34 PM,11/03/2025 12:22:39 PM,Fleet,2014,Ford,F250,Tommy Gate-Lift Gate,Pickup,Out of Service,1FT7X2AT5EEA60798,,"","","","","",16mm,"","","","","","","","","","","","","",
861189446,EX11,04/03/2025,Primary,2994.0,hr,FALSE,,Issue #11433351,04/03/2025 08:46:25 AM,04/03/2025 08:46:25 AM,,2018,Caterpillar,320GC,,Excavator,Active,CAT320GCKKTN00183,,"","","","","","","","","","","","","","","","","","","",
858873657,ST4,03/31/2025,Primary,141086.0,mi,FALSE,,Issue #11384106,03/31/2025 06:48:12 AM,03/31/2025 06:48:12 AM,Fleet,2017,Ford,F-450 Super Duty,,Service Truck,Active,1FD0W4HT2HED69098,,"",$102.00,$415.00,"$1,680.00","$5,032.00","","","","","","","","","","","","","","",
856519152,BH1,03/27/2025,Primary,4280.0,hr,FALSE,,Issue #11352617,03/27/2025 12:47:09 PM,03/27/2025 12:47:09 PM,,2007,Caterpillar,420E,,Backhoe,Active,CAT0420ECHLS04735,,"",$92.00,$365.00,"$1,351.00","$4,043.00","",1459,3609,9108,9109,"","","","","","","","","",
856413867,BL5,03/27/2025,Primary,1523.0,hr,FALSE,,Manual,03/27/2025 06:39:06 AM,03/27/2025 06:39:06 AM,,2014,JLG,450AJ,,Articulated Boom Lift,In Shop,300194724,,"",$90.00,$495.00,"$1,520.00","$3,128.00","",1342,3943,"","","","","","","","","","","",
856413564,WL5,03/27/2025,Primary,3416.0,hr,FALSE,,Manual,03/27/2025 06:38:05 AM,03/27/2025 06:38:05 AM,,2011,Caterpillar,289C,,Wheel Loader,Active,CAT0289CVJMP01979,,"",$56.25,$225.00,$875.00,"$2,615.00","",7106,600053,6562,"","","","","","","","","","",
856413475,BH1,03/27/2025,Primary,4274.0,hr,FALSE,,Manual,03/27/2025 06:37:50 AM,03/27/2025 06:37:50 AM,,2007,Caterpillar,420E,,Backhoe,Active,CAT0420ECHLS04735,,"",$92.00,$365.00,"$1,351.00","$4,043.00","",1459,3609,9108,9109,"","","","","","","","","",
856413382,EX13,03/27/2025,Primary,3274.0,hr,FALSE,,Manual,03/27/2025 06:37:31 AM,03/27/2025 06:37:31 AM,,2016,Hitachi,ZX135,,Excavator,Active,HCMDAEA1K00097613,,"","","","","","","","","","","","","","","","","","","",
856413263,EX12,03/27/2025,Primary,4974.0,hr,FALSE,,Manual,03/27/2025 06:37:08 AM,03/27/2025 06:37:08 AM,,2016,Caterpillar,325FL CR,,Excavator,Active,CAT0325FEXAA00419,,"","","","","","","","","","","","","","","","","","","",
856412955,DT1,03/27/2025,Primary,319795.0,mi,TRUE,,Manual,03/27/2025 06:36:08 AM,03/27/2025 06:36:08 AM,Fleet,2007,Kenworth,W900,,Dump Truck,Active,1NKWXB0X07R159782,,"",$131.00,$525.00,"$2,090.00","$5,940.00","",1792 - 9 Gal,3412 & 3674,"","","",4070,"","","","","","","",
856412805,ME8,03/27/2025,Primary,1558.0,hr,FALSE,,Manual,03/27/2025 06:35:38 AM,03/27/2025 06:35:38 AM,,2018,Takeuchi,TB240,,Mini Excavator,Active,124003653,,"","","","","","",1334,600369,6438,2985,"","","","","","","","","",
856412660,RL8,03/27/2025,Primary,619.0,hr,FALSE,,Manual,03/27/2025 06:35:07 AM,03/27/2025 06:35:07 AM,,2011,HAMM,HD12,,Roller,Active,H2001478,,"","","","","","","","","","","","","","","","","","","",
856412553,ME7,03/27/2025,Primary,4055.0,hr,FALSE,,Manual,03/27/2025 06:34:47 AM,03/27/2025 06:34:47 AM,,2018,Caterpillar,305E2 CRCB,,Mini Excavator,Active,0H5M07082,,"",$102.00,$415.00,"$1,680.00","$5,032.00","","",600586 / CAT 363-5819 Incline,9462,9463 / CAT 415-2593,"","","","","","","","","",
856412456,WL3,03/27/2025,Primary,11708.0,hr,FALSE,,Manual,03/27/2025 06:34:27 AM,03/27/2025 06:34:27 AM,,2008,John Deere,544J,,Wheel Loader,Active,DW544JZ619585,,"",$187.00,$748.00,"$3,019.00","$8,738.00","",7750S,"3248, 3977, 3978",600104,"","","","","","","","","","",
856412369,BL7,03/27/2025,Primary,4413.0,hr,FALSE,,Manual,03/27/2025 06:34:10 AM,03/27/2025 06:34:10 AM,,2015,Genie,S-60X,,Boom Lift,Active,S60X15A-29786,,"","","","","","","","","","","","","","","","","","","",
856412272,DZ4,03/27/2025,Primary,4137.0,hr,FALSE,,Manual,03/27/2025 06:33:49 AM,03/27/2025 06:33:49 AM,,2015,Caterpillar,D6K2 XLT,,Bulldozer,Active,WMR00849,,"","","","","","","","","","","","","","","","","","","",
856412204,EX11,03/27/2025,Primary,2912.0,hr,FALSE,,Manual,03/27/2025 06:33:31 AM,03/27/2025 06:33:31 AM,,2018,Caterpillar,320GC,,Excavator,Active,CAT320GCKKTN00183,,"","","","","","","","","","","","","","","","","","","",
856412122,ME5,03/27/2025,Primary,5204.0,hr,FALSE,,Manual,03/27/2025 06:33:15 AM,03/27/2025 06:33:15 AM,,2018,Caterpillar,308E2 CRCB,,Mini Excavator,Active,0FJX10204,,"",$102.00,$415.00,"$1,680.00","$5,032.00","","",9462,9463 / CAT 415-2593,"","","","","","","","","","",
856412064,WL1,03/27/2025,Primary,14034.0,hr,FALSE,,Manual,03/27/2025 06:33:01 AM,03/27/2025 06:33:01 AM,,2008,John Deere,624J,,Wheel Loader,Active,DW624JZ617237,,"",$187.00,$748.00,"$3,019.00","$8,738.00","",7750S - 6 Gal,3977 / 3978,6922,6923,"","","","","","","","","",
856411860,ST4,03/27/2025,Primary,141086.0,mi,FALSE,,Manual,03/27/2025 06:32:22 AM,03/27/2025 06:32:22 AM,Fleet,2017,Ford,F-450 Super Duty,,Service Truck,Active,1FD0W4HT2HED69098,,"",$102.00,$415.00,"$1,680.00","$5,032.00","","","","","","","","","","","","","","",
856411739,ST5,03/27/2025,Primary,186424.0,mi,FALSE,,Manual,03/27/2025 06:31:59 AM,03/27/2025 06:31:59 AM,Fleet,2011,RAM,5500,,Service Truck,Active,3D6WU7CL4BG500622,,"",$102.00,$415.00,"$1,680.00","$5,032.00","",7620,"","","","","","","","","","","","",
856411659,BH4,03/27/2025,Primary,5313.0,hr,FALSE,,Manual,03/27/2025 06:31:43 AM,03/27/2025 06:31:43 AM,,2006,John Deere,310SG,,Backhoe,Active,TO310SG960924,,"",$77.50,$310.00,"$1,220.00","$3,660.00","",7750S - 3.25 Gal,3668,6562,6569,"","",7624,7201,"","","","","",
856411333,BH4,03/27/2025,Primary,5313.0,hr,FALSE,,Manual,03/27/2025 06:30:32 AM,03/27/2025 06:30:32 AM,,2006,John Deere,310SG,,Backhoe,Active,TO310SG960924,,"",$77.50,$310.00,"$1,220.00","$3,660.00","",7750S - 3.25 Gal,3668,6562,6569,"","",7624,7201,"","","","","",
856411241,FL5,03/27/2025,Primary,7584.0,hr,FALSE,,Manual,03/27/2025 06:30:16 AM,03/27/2025 06:30:16 AM,,2013,JLG,G12-55A,,Forklift,Active,160048663,,"",$96.00,$550.00,"$1,536.00","$5,376.00","",7182,Fleetguard FF 63009,AF55021,AF55312,"","","","","","","","","",
856411158,EX10 - Sold,03/27/2025,Primary,10220.0,hr,FALSE,,Manual,03/27/2025 06:30:00 AM,09/09/2025 10:49:03 AM,,2011,Caterpillar,345DL,,Excavator,Sold,CAT0345DEEEH01123,,"",$313.00,"$1,250.00","$5,000.00","$15,000.00","",CAT 1R-1808,CAT 1R-0755 / 3607 / 3685,CAT 142-1340,CAT 142-1403,"","","","","","","","","",
856411032,FL6,03/27/2025,Primary,4219.0,hr,FALSE,,Manual,03/27/2025 06:29:44 AM,03/27/2025 06:29:44 AM,,2010,Skytrak,10054,,Forklift,Active,160039212,,"",$96.00,$550.00,"$1,536.00","$5,376.00","",7182,"3732, 3682","","","","","","","","","","","",
856410925,FL6,03/27/2025,Primary,4219.0,hr,FALSE,,Manual,03/27/2025 06:29:32 AM,03/27/2025 06:29:32 AM,,2010,Skytrak,10054,,Forklift,Active,160039212,,"",$96.00,$550.00,"$1,536.00","$5,376.00","",7182,"3732, 3682","","","","","","","","","","","",
855086567,ST5,03/25/2025,Primary,182756.0,mi,FALSE,,Issue #11321652,03/25/2025 12:46:43 PM,03/25/2025 12:46:43 PM,Fleet,2011,RAM,5500,,Service Truck,Active,3D6WU7CL4BG500622,,"",$102.00,$415.00,"$1,680.00","$5,032.00","",7620,"","","","","","","","","","","","",
855013738,BH4,03/25/2025,Primary,5000.0,hr,TRUE,,Service Entry #34916109,03/25/2025 09:09:08 AM,03/25/2025 09:09:08 AM,,2006,John Deere,310SG,,Backhoe,Active,TO310SG960924,,"",$77.50,$310.00,"$1,220.00","$3,660.00","",7750S - 3.25 Gal,3668,6562,6569,"","",7624,7201,"","","","","",
855013729,BH4,03/25/2025,Primary,5000.0,hr,TRUE,,Work Order #13,03/25/2025 09:09:05 AM,03/25/2025 09:09:05 AM,,2006,John Deere,310SG,,Backhoe,Active,TO310SG960924,,"",$77.50,$310.00,"$1,220.00","$3,660.00","",7750S - 3.25 Gal,3668,6562,6569,"","",7624,7201,"","","","","",
855013391,PU3,03/25/2025,Primary,222601.0,mi,FALSE,,Service Entry #34916048,03/25/2025 09:07:03 AM,05/13/2026 01:22:30 PM,Fleet,2007,GMC,Sierra 1500,SLT,Pickup,Sold,3GTEK13M27G521148,,"","",$175.00,$515.00,"$1,218.00",13mm,"","","","","","","","","","","","","$5,300.00",05/12/2026
855013389,PU3,03/25/2025,Primary,222601.0,mi,FALSE,,Work Order #38,03/25/2025 09:07:03 AM,05/13/2026 01:22:30 PM,Fleet,2007,GMC,Sierra 1500,SLT,Pickup,Sold,3GTEK13M27G521148,,"","",$175.00,$515.00,"$1,218.00",13mm,"","","","","","","","","","","","","$5,300.00",05/12/2026
855013379,PU3,03/24/2025,Primary,222601.0,mi,FALSE,,Work Order #38,03/25/2025 09:06:59 AM,05/13/2026 01:22:30 PM,Fleet,2007,GMC,Sierra 1500,SLT,Pickup,Sold,3GTEK13M27G521148,,"","",$175.00,$515.00,"$1,218.00",13mm,"","","","","","","","","","","","","$5,300.00",05/12/2026
845378565,SW2,03/11/2025,Primary,918.0,hr,FALSE,,Vehicle Assignment #6776040,03/11/2025 01:29:36 PM,03/11/2025 01:29:36 PM,,2000,Laymore,8HC,,Sweeper,Active,27499-004,,"",$50.00,$200.00,$800.00,"$2,400.00","","",3390,"","","","","","","","","","","",
845359177,WL5,03/11/2025,Primary,3416.9,hr,TRUE,,Inspection #73489843,03/11/2025 12:11:40 PM,03/11/2025 12:11:40 PM,,2011,Caterpillar,289C,,Wheel Loader,Active,CAT0289CVJMP01979,,"",$56.25,$225.00,$875.00,"$2,615.00","",7106,600053,6562,"","","","","","","","","","",
833854078,EX11,02/19/2025,Primary,2839.0,hr,FALSE,,Service Entry #33279249,02/21/2025 07:29:42 AM,02/21/2025 07:29:42 AM,,2018,Caterpillar,320GC,,Excavator,Active,CAT320GCKKTN00183,,"","","","","","","","","","","","","","","","","","","",
831187956,ME5,02/13/2025,Primary,5108.0,hr,FALSE,,Service Entry #33046305,02/17/2025 07:42:57 AM,02/17/2025 07:42:57 AM,,2018,Caterpillar,308E2 CRCB,,Mini Excavator,Active,0FJX10204,,"",$102.00,$415.00,"$1,680.00","$5,032.00","","",9462,9463 / CAT 415-2593,"","","","","","","","","","",
831187713,ST4,02/13/2025,Primary,140325.0,mi,FALSE,,Service Entry #33046259,02/17/2025 07:41:44 AM,02/17/2025 07:41:44 AM,Fleet,2017,Ford,F-450 Super Duty,,Service Truck,Active,1FD0W4HT2HED69098,,"",$102.00,$415.00,"$1,680.00","$5,032.00","","","","","","","","","","","","","","",
829025808,ME8,02/13/2025,Primary,1525.0,hr,FALSE,,Manual,02/13/2025 08:33:54 AM,02/13/2025 08:33:54 AM,,2018,Takeuchi,TB240,,Mini Excavator,Active,124003653,,"","","","","","",1334,600369,6438,2985,"","","","","","","","","",
829025577,ME7,02/13/2025,Primary,3978.0,hr,FALSE,,Manual,02/13/2025 08:33:01 AM,02/13/2025 08:33:01 AM,,2018,Caterpillar,305E2 CRCB,,Mini Excavator,Active,0H5M07082,,"",$102.00,$415.00,"$1,680.00","$5,032.00","","",600586 / CAT 363-5819 Incline,9462,9463 / CAT 415-2593,"","","","","","","","","",
829024010,ME5,02/13/2025,Primary,5107.0,hr,FALSE,,Manual,02/13/2025 08:27:56 AM,02/13/2025 08:27:56 AM,,2018,Caterpillar,308E2 CRCB,,Mini Excavator,Active,0FJX10204,,"",$102.00,$415.00,"$1,680.00","$5,032.00","","",9462,9463 / CAT 415-2593,"","","","","","","","","","",
829023902,SW2,02/13/2025,Primary,915.0,hr,FALSE,,Vehicle Assignment #6776040,02/13/2025 08:27:13 AM,02/13/2025 08:27:13 AM,,2000,Laymore,8HC,,Sweeper,Active,27499-004,,"",$50.00,$200.00,$800.00,"$2,400.00","","",3390,"","","","","","","","","","","",
829023715,SW2,02/13/2025,Primary,917.0,hr,FALSE,,Manual,02/13/2025 08:26:09 AM,02/13/2025 08:26:09 AM,,2000,Laymore,8HC,,Sweeper,Active,27499-004,,"",$50.00,$200.00,$800.00,"$2,400.00","","",3390,"","","","","","","","","","","",
829023413,EX11,02/13/2025,Primary,2832.0,hr,FALSE,,Manual,02/13/2025 08:24:13 AM,02/13/2025 08:24:13 AM,,2018,Caterpillar,320GC,,Excavator,Active,CAT320GCKKTN00183,,"","","","","","","","","","","","","","","","","","","",
829023337,EX12,02/13/2025,Primary,4920.0,hr,FALSE,,Manual,02/13/2025 08:23:48 AM,02/13/2025 08:23:48 AM,,2016,Caterpillar,325FL CR,,Excavator,Active,CAT0325FEXAA00419,,"","","","","","","","","","","","","","","","","","","",
829023216,EX13,02/13/2025,Primary,3208.0,hr,FALSE,,Manual,02/13/2025 08:23:03 AM,02/13/2025 08:23:03 AM,,2016,Hitachi,ZX135,,Excavator,Active,HCMDAEA1K00097613,,"","","","","","","","","","","","","","","","","","","",
829022485,FL5,02/13/2025,Primary,7526.0,hr,FALSE,,Manual,02/13/2025 08:20:14 AM,02/13/2025 08:20:14 AM,,2013,JLG,G12-55A,,Forklift,Active,160048663,,"",$96.00,$550.00,"$1,536.00","$5,376.00","",7182,Fleetguard FF 63009,AF55021,AF55312,"","","","","","","","","",
815217148,PU10,01/20/2025,Primary,20033.0,mi,FALSE,,Service Entry #32291154,01/21/2025 08:45:32 AM,01/21/2025 08:45:32 AM,Fleet,2024,Toyota,Tundra,Capstone HV,Pickup,Active,5TFVC5DB6RX056048,,"","","","","","","","","","","","","","","","","","","",
813051490,PU7,01/15/2025,Primary,129100.0,mi,TRUE,,Service Entry #32184025,01/17/2025 07:36:21 AM,01/17/2025 07:36:21 AM,Fleet,2017,Chevrolet,Silverado,LT Z71,Pickup,Active,3GCUKREC8HG102169,,"","",$175.00,$515.00,"$1,218.00",15mm,"","","","","","","","","","","","","",
804372243,WL5,01/02/2025,Primary,3370.0,hr,FALSE,,Manual,01/02/2025 11:59:19 AM,01/02/2025 11:59:19 AM,,2011,Caterpillar,289C,,Wheel Loader,Active,CAT0289CVJMP01979,,"",$56.25,$225.00,$875.00,"$2,615.00","",7106,600053,6562,"","","","","","","","","","",
804371577,FL5,01/02/2025,Primary,7459.0,hr,FALSE,,Manual,01/02/2025 11:55:33 AM,01/02/2025 11:55:33 AM,,2013,JLG,G12-55A,,Forklift,Active,160048663,,"",$96.00,$550.00,"$1,536.00","$5,376.00","",7182,Fleetguard FF 63009,AF55021,AF55312,"","","","","","","","","",
804371397,EX12,01/02/2025,Primary,4871.0,hr,FALSE,,Manual,01/02/2025 11:54:19 AM,01/02/2025 11:54:19 AM,,2016,Caterpillar,325FL CR,,Excavator,Active,CAT0325FEXAA00419,,"","","","","","","","","","","","","","","","","","","",
804371269,EX11,01/02/2025,Primary,2737.0,hr,FALSE,,Manual,01/02/2025 11:53:43 AM,01/02/2025 11:53:43 AM,,2018,Caterpillar,320GC,,Excavator,Active,CAT320GCKKTN00183,,"","","","","","","","","","","","","","","","","","","",
804371202,BL5,01/02/2025,Primary,1515.0,hr,FALSE,,Manual,01/02/2025 11:53:24 AM,01/02/2025 11:53:24 AM,,2014,JLG,450AJ,,Articulated Boom Lift,In Shop,300194724,,"",$90.00,$495.00,"$1,520.00","$3,128.00","",1342,3943,"","","","","","","","","","","",
804371013,BH1,01/02/2025,Primary,4237.0,hr,FALSE,,Manual,01/02/2025 11:52:33 AM,01/02/2025 11:52:33 AM,,2007,Caterpillar,420E,,Backhoe,Active,CAT0420ECHLS04735,,"",$92.00,$365.00,"$1,351.00","$4,043.00","",1459,3609,9108,9109,"","","","","","","","","",
804370891,BL7,01/02/2025,Primary,4376.0,hr,FALSE,,Manual,01/02/2025 11:51:49 AM,01/02/2025 11:51:49 AM,,2015,Genie,S-60X,,Boom Lift,Active,S60X15A-29786,,"","","","","","","","","","","","","","","","","","","",
804370749,ME7,01/02/2025,Primary,3859.0,hr,FALSE,,Manual,01/02/2025 11:51:02 AM,01/02/2025 11:51:02 AM,,2018,Caterpillar,305E2 CRCB,,Mini Excavator,Active,0H5M07082,,"",$102.00,$415.00,"$1,680.00","$5,032.00","","",600586 / CAT 363-5819 Incline,9462,9463 / CAT 415-2593,"","","","","","","","","",
804367903,WL1,01/02/2025,Primary,13855.0,hr,FALSE,,Manual,01/02/2025 11:34:20 AM,01/02/2025 11:34:20 AM,,2008,John Deere,624J,,Wheel Loader,Active,DW624JZ617237,,"",$187.00,$748.00,"$3,019.00","$8,738.00","",7750S - 6 Gal,3977 / 3978,6922,6923,"","","","","","","","","",
804367512,DT1,01/02/2025,Primary,317149.0,mi,TRUE,,Manual,01/02/2025 11:31:40 AM,01/02/2025 11:31:40 AM,Fleet,2007,Kenworth,W900,,Dump Truck,Active,1NKWXB0X07R159782,,"",$131.00,$525.00,"$2,090.00","$5,940.00","",1792 - 9 Gal,3412 & 3674,"","","",4070,"","","","","","","",
804367180,BH1,01/02/2025,Primary,4236.0,hr,FALSE,,Manual,01/02/2025 11:29:40 AM,01/02/2025 11:29:40 AM,,2007,Caterpillar,420E,,Backhoe,Active,CAT0420ECHLS04735,,"",$92.00,$365.00,"$1,351.00","$4,043.00","",1459,3609,9108,9109,"","","","","","","","","",
804351470,ME8,01/02/2025,Primary,1425.0,hr,FALSE,,Manual,01/02/2025 10:06:23 AM,01/02/2025 10:06:23 AM,,2018,Takeuchi,TB240,,Mini Excavator,Active,124003653,,"","","","","","",1334,600369,6438,2985,"","","","","","","","","",
804300350,FL3 - Sold,01/02/2025,Primary,6791.0,hr,FALSE,,Issue #10415816,01/02/2025 07:16:51 AM,09/09/2025 10:49:04 AM,,1998,JCB,506B,,Forklift,Sold,SLP506BOTEO576988,,"",$137.50,$550.00,"$1,200.00","$4,200.00","",1459,"","","",3472,"","","","","","","","",
804302044,FL3 - Sold,12/27/2024,Primary,6791.0,hr,FALSE,,Service Entry #31876906,01/02/2025 07:24:33 AM,09/09/2025 10:49:04 AM,,1998,JCB,506B,,Forklift,Sold,SLP506BOTEO576988,,"",$137.50,$550.00,"$1,200.00","$4,200.00","",1459,"","","",3472,"","","","","","","","",
804300399,FL3 - Sold,12/27/2024,Primary,6791.0,hr,FALSE,,Work Order #47,01/02/2025 07:17:03 AM,09/09/2025 10:49:04 AM,,1998,JCB,506B,,Forklift,Sold,SLP506BOTEO576988,,"",$137.50,$550.00,"$1,200.00","$4,200.00","",1459,"","","",3472,"","","","","","","","",
804295955,DT2,12/27/2024,Primary,523923.0,mi,FALSE,,Service Entry #31875955,01/02/2025 06:59:01 AM,01/02/2025 06:59:01 AM,Fleet,2006,Kenworth,T800,,Dump Truck,Active,1NKDXB0X76R138191,,"",$124.00,$497.00,"$1,980.00","$6,270.00","","","","","","","","","","","","","","",
804295619,DT2,12/27/2024,Primary,523923.0,mi,FALSE,,Work Order #46,01/02/2025 06:57:20 AM,01/02/2025 06:57:20 AM,Fleet,2006,Kenworth,T800,,Dump Truck,Active,1NKDXB0X76R138191,,"",$124.00,$497.00,"$1,980.00","$6,270.00","","","","","","","","","","","","","","",
804300398,FL3 - Sold,12/23/2024,Primary,6791.0,hr,FALSE,,Work Order #47,01/02/2025 07:17:03 AM,09/09/2025 10:49:04 AM,,1998,JCB,506B,,Forklift,Sold,SLP506BOTEO576988,,"",$137.50,$550.00,"$1,200.00","$4,200.00","",1459,"","","",3472,"","","","","","","","",
804295618,DT2,12/19/2024,Primary,523923.0,mi,FALSE,,Work Order #46,01/02/2025 06:57:20 AM,01/02/2025 06:57:20 AM,Fleet,2006,Kenworth,T800,,Dump Truck,Active,1NKDXB0X76R138191,,"",$124.00,$497.00,"$1,980.00","$6,270.00","","","","","","","","","","","","","","",
795741411,EX12,12/16/2024,Primary,4862.0,hr,FALSE,,Service Entry #31609759,12/17/2024 07:02:09 AM,12/17/2024 07:02:09 AM,,2016,Caterpillar,325FL CR,,Excavator,Active,CAT0325FEXAA00419,,"","","","","","","","","","","","","","","","","","","",
795093538,WL1,12/16/2024,Primary,13825.0,hr,FALSE,,Manual,12/16/2024 07:18:36 AM,12/16/2024 07:18:36 AM,,2008,John Deere,624J,,Wheel Loader,Active,DW624JZ617237,,"",$187.00,$748.00,"$3,019.00","$8,738.00","",7750S - 6 Gal,3977 / 3978,6922,6923,"","","","","","","","","",
795093284,WL3,12/16/2024,Primary,11501.0,hr,FALSE,,Manual,12/16/2024 07:17:50 AM,12/16/2024 07:17:50 AM,,2008,John Deere,544J,,Wheel Loader,Active,DW544JZ619585,,"",$187.00,$748.00,"$3,019.00","$8,738.00","",7750S,"3248, 3977, 3978",600104,"","","","","","","","","","",
793582198,WL3,12/13/2024,Primary,11498.0,hr,TRUE,exceeds_max_daily_usage,Issue #10257554,12/13/2024 07:46:13 AM,12/13/2024 07:46:13 AM,,2008,John Deere,544J,,Wheel Loader,Active,DW544JZ619585,,"",$187.00,$748.00,"$3,019.00","$8,738.00","",7750S,"3248, 3977, 3978",600104,"","","","","","","","","","",
792294352,WL3,12/10/2024,Primary,11400.0,hr,FALSE,,Service Entry #31501206,12/11/2024 06:41:36 AM,12/11/2024 06:41:36 AM,,2008,John Deere,544J,,Wheel Loader,Active,DW544JZ619585,,"",$187.00,$748.00,"$3,019.00","$8,738.00","",7750S,"3248, 3977, 3978",600104,"","","","","","","","","","",
792294350,WL3,12/10/2024,Primary,11400.0,hr,FALSE,,Work Order #45,12/11/2024 06:41:36 AM,12/11/2024 06:41:36 AM,,2008,John Deere,544J,,Wheel Loader,Active,DW544JZ619585,,"",$187.00,$748.00,"$3,019.00","$8,738.00","",7750S,"3248, 3977, 3978",600104,"","","","","","","","","","",
792294349,WL3,12/10/2024,Primary,11400.0,hr,FALSE,,Work Order #45,12/11/2024 06:41:35 AM,12/11/2024 06:41:35 AM,,2008,John Deere,544J,,Wheel Loader,Active,DW544JZ619585,,"",$187.00,$748.00,"$3,019.00","$8,738.00","",7750S,"3248, 3977, 3978",600104,"","","","","","","","","","",
789487683,DT2,12/06/2024,Primary,523355.0,mi,FALSE,,Service Entry #31421211,12/06/2024 09:17:43 AM,12/06/2024 09:17:43 AM,Fleet,2006,Kenworth,T800,,Dump Truck,Active,1NKDXB0X76R138191,,"",$124.00,$497.00,"$1,980.00","$6,270.00","","","","","","","","","","","","","","",
789487682,DT2,12/06/2024,Primary,523355.0,mi,FALSE,,Work Order #40,12/06/2024 09:17:43 AM,12/06/2024 09:17:43 AM,Fleet,2006,Kenworth,T800,,Dump Truck,Active,1NKDXB0X76R138191,,"",$124.00,$497.00,"$1,980.00","$6,270.00","","","","","","","","","","","","","","",
789437042,BH4,12/05/2024,Primary,5230.0,hr,FALSE,,Service Entry #31417121,12/06/2024 07:07:35 AM,12/06/2024 07:07:35 AM,,2006,John Deere,310SG,,Backhoe,Active,TO310SG960924,,"",$77.50,$310.00,"$1,220.00","$3,660.00","",7750S - 3.25 Gal,3668,6562,6569,"","",7624,7201,"","","","","",
789437618,BH1,12/04/2024,Primary,4200.0,hr,FALSE,,Service Entry #31417185,12/06/2024 07:09:55 AM,12/06/2024 07:09:55 AM,,2007,Caterpillar,420E,,Backhoe,Active,CAT0420ECHLS04735,,"",$92.00,$365.00,"$1,351.00","$4,043.00","",1459,3609,9108,9109,"","","","","","","","","",
788194949,PU5,12/04/2024,Primary,217880.0,mi,FALSE,,Manual,12/04/2024 12:58:43 PM,12/04/2024 12:58:43 PM,Fleet,1998,Chevrolet,Z-71,K1500 Silverado,Pickup,Active,1GCEK19R5WR152125,,"","",$100.00,$294.29,$696.00,"",1036,"","","","","","","","","","","","",
788194613,PU8,12/04/2024,Primary,86724.0,mi,FALSE,,Manual,12/04/2024 12:57:04 PM,12/04/2024 12:57:04 PM,Fleet,2016,Ford,Transit Van,T350 XLT,Pickup,Active,1FBZX2ZM4GKA57261,,"","",$150.00,$441.00,"$1,044.00","","","","","","","","","","","","","","",
788194556,ST1 - Sold,12/04/2024,Primary,223229.0,mi,FALSE,,Manual,12/04/2024 12:56:43 PM,09/09/2025 11:01:58 AM,Fleet,2007,GMC,TopKick C4500,,Service Truck,Sold,1GDE4C1277F408235,,"",$102.00,$415.00,"$1,680.00","$5,032.00","",7202,3960,"","","","","","","","","","","",
788124139,SW3,12/04/2024,Primary,615.0,hr,FALSE,,Manual,12/04/2024 08:42:10 AM,05/13/2026 01:25:11 PM,,2004,Laymore,8HC,,Sweeper,Sold,30282,,"",$50.00,$200.00,$800.00,"$2,400.00","","","","","","","","","","","","","",3600.00,05/12/2026
788124020,SW3,12/04/2024,Primary,615.0,hr,FALSE,,Manual,12/04/2024 08:41:45 AM,05/13/2026 01:25:11 PM,,2004,Laymore,8HC,,Sweeper,Sold,30282,,"",$50.00,$200.00,$800.00,"$2,400.00","","","","","","","","","","","","","",3600.00,05/12/2026
788122917,EX13,12/04/2024,Primary,3085.0,hr,FALSE,,Service Entry #31347702,12/04/2024 08:36:03 AM,12/04/2024 08:36:03 AM,,2016,Hitachi,ZX135,,Excavator,Active,HCMDAEA1K00097613,,"","","","","","","","","","","","","","","","","","","",
789435518,BL7,12/03/2024,Primary,4369.0,hr,FALSE,,Service Entry #31416995,12/06/2024 07:01:48 AM,12/06/2024 07:01:48 AM,,2015,Genie,S-60X,,Boom Lift,Active,S60X15A-29786,,"","","","","","","","","","","","","","","","","","","",
787436914,BH4,12/03/2024,Primary,5229.7,hr,FALSE,,Issue #10142744,12/03/2024 07:20:07 AM,12/03/2024 07:20:07 AM,,2006,John Deere,310SG,,Backhoe,Active,TO310SG960924,,"",$77.50,$310.00,"$1,220.00","$3,660.00","",7750S - 3.25 Gal,3668,6562,6569,"","",7624,7201,"","","","","",
792294536,PU6 - Sold,11/30/2024,Primary,166000.0,mi,FALSE,,Service Entry #31501235,12/11/2024 06:42:19 AM,09/09/2025 10:49:03 AM,Fleet,2014,Ford,F150,XL,Pickup,Sold,1FTNF1CFXEKD16575,,"","",$150.00,$441.43,"$1,044.00","","","","","","","","","","","","","","",
785902180,PU6 - Sold,11/30/2024,Primary,166000.0,mi,FALSE,"",Work Order #43,11/30/2024 10:48:37 AM,09/09/2025 10:49:03 AM,Fleet,2014,Ford,F150,XL,Pickup,Sold,1FTNF1CFXEKD16575,,"","",$150.00,$441.43,"$1,044.00","","","","","","","","","","","","","","",
784361874,WL1,11/27/2024,Primary,13794.6,hr,FALSE,,Issue #10097308,11/27/2024 08:13:31 AM,11/27/2024 08:13:31 AM,,2008,John Deere,624J,,Wheel Loader,Active,DW624JZ617237,,"",$187.00,$748.00,"$3,019.00","$8,738.00","",7750S - 6 Gal,3977 / 3978,6922,6923,"","","","","","","","","",
784360636,EX12,11/27/2024,Primary,4849.6,hr,FALSE,,Issue #10097252,11/27/2024 08:06:43 AM,11/27/2024 08:06:43 AM,,2016,Caterpillar,325FL CR,,Excavator,Active,CAT0325FEXAA00419,,"","","","","","","","","","","","","","","","","","","",
780869839,ST5,11/21/2024,Primary,182756.0,mi,FALSE,,Inspection #65955962,11/21/2024 12:25:39 PM,11/21/2024 12:25:39 PM,Fleet,2011,RAM,5500,,Service Truck,Active,3D6WU7CL4BG500622,,"",$102.00,$415.00,"$1,680.00","$5,032.00","",7620,"","","","","","","","","","","","",
778938091,BH4,11/18/2024,Primary,5218.0,hr,TRUE,"",Work Order #42,11/18/2024 11:36:40 AM,11/11/2025 11:08:06 AM,,2006,John Deere,310SG,,Backhoe,Active,TO310SG960924,,"",$77.50,$310.00,"$1,220.00","$3,660.00","",7750S - 3.25 Gal,3668,6562,6569,"","",7624,7201,"","","","","",
778936473,EX11,11/18/2024,Primary,2699.0,hr,FALSE,,Issue #9999025,11/18/2024 11:28:25 AM,11/18/2024 11:28:25 AM,,2018,Caterpillar,320GC,,Excavator,Active,CAT320GCKKTN00183,,"","","","","","","","","","","","","","","","","","","",
777383814,DT2,11/15/2024,Primary,523355.0,mi,FALSE,,Work Order #40,11/15/2024 11:30:56 AM,11/15/2024 11:30:56 AM,Fleet,2006,Kenworth,T800,,Dump Truck,Active,1NKDXB0X76R138191,,"",$124.00,$497.00,"$1,980.00","$6,270.00","","","","","","","","","","","","","","",
777378527,DT2,11/15/2024,Primary,523355.0,mi,FALSE,,Issue #9977745,11/15/2024 11:15:13 AM,11/15/2024 11:15:13 AM,Fleet,2006,Kenworth,T800,,Dump Truck,Active,1NKDXB0X76R138191,,"",$124.00,$497.00,"$1,980.00","$6,270.00","","","","","","","","","","","","","","",
777309019,FL5,11/15/2024,Primary,7377.0,hr,FALSE,,Service Entry #30922347,11/15/2024 07:19:45 AM,11/15/2024 07:19:45 AM,,2013,JLG,G12-55A,,Forklift,Active,160048663,,"",$96.00,$550.00,"$1,536.00","$5,376.00","",7182,Fleetguard FF 63009,AF55021,AF55312,"","","","","","","","","",
775289402,PU6 - Sold,11/11/2024,Primary,165396.0,mi,FALSE,,Service Entry #30853100,11/12/2024 06:59:52 AM,09/09/2025 10:49:03 AM,Fleet,2014,Ford,F150,XL,Pickup,Sold,1FTNF1CFXEKD16575,,"","",$150.00,$441.43,"$1,044.00","","","","","","","","","","","","","","",
775289398,PU6 - Sold,11/11/2024,Primary,165396.0,mi,FALSE,,Work Order #39,11/12/2024 06:59:51 AM,09/09/2025 10:49:03 AM,Fleet,2014,Ford,F150,XL,Pickup,Sold,1FTNF1CFXEKD16575,,"","",$150.00,$441.43,"$1,044.00","","","","","","","","","","","","","","",
775289396,PU6 - Sold,11/11/2024,Primary,165396.0,mi,FALSE,,Work Order #39,11/12/2024 06:59:51 AM,09/09/2025 10:49:03 AM,Fleet,2014,Ford,F150,XL,Pickup,Sold,1FTNF1CFXEKD16575,,"","",$150.00,$441.43,"$1,044.00","","","","","","","","","","","","","","",
772647403,ST5,11/07/2024,Primary,182756.0,mi,FALSE,,Manual,11/07/2024 11:22:09 AM,11/07/2024 11:22:09 AM,Fleet,2011,RAM,5500,,Service Truck,Active,3D6WU7CL4BG500622,,"",$102.00,$415.00,"$1,680.00","$5,032.00","",7620,"","","","","","","","","","","","",
772584404,FL6,11/07/2024,Primary,4163.0,hr,FALSE,,Service Entry #30761714,11/07/2024 07:29:37 AM,11/07/2024 07:29:37 AM,,2010,Skytrak,10054,,Forklift,Active,160039212,,"",$96.00,$550.00,"$1,536.00","$5,376.00","",7182,"3732, 3682","","","","","","","","","","","",
772584403,FL6,11/07/2024,Primary,4163.0,hr,FALSE,,Work Order #37,11/07/2024 07:29:36 AM,11/07/2024 07:29:36 AM,,2010,Skytrak,10054,,Forklift,Active,160039212,,"",$96.00,$550.00,"$1,536.00","$5,376.00","",7182,"3732, 3682","","","","","","","","","","","",
772584402,FL6,11/07/2024,Primary,4163.0,hr,FALSE,,Work Order #37,11/07/2024 07:29:36 AM,11/07/2024 07:29:36 AM,,2010,Skytrak,10054,,Forklift,Active,160039212,,"",$96.00,$550.00,"$1,536.00","$5,376.00","",7182,"3732, 3682","","","","","","","","","","","",
772582743,ME8,11/07/2024,Primary,1354.0,hr,FALSE,,Service Entry #30761433,11/07/2024 07:22:36 AM,11/07/2024 07:22:36 AM,,2018,Takeuchi,TB240,,Mini Excavator,Active,124003653,,"","","","","","",1334,600369,6438,2985,"","","","","","","","","",
772582741,ME8,11/07/2024,Primary,1354.0,hr,FALSE,,Work Order #33,11/07/2024 07:22:36 AM,11/07/2024 07:22:36 AM,,2018,Takeuchi,TB240,,Mini Excavator,Active,124003653,,"","","","","","",1334,600369,6438,2985,"","","","","","","","","",
772579806,FL6,11/07/2024,Primary,4163.0,hr,FALSE,,Service Entry #30761100,11/07/2024 07:14:45 AM,11/07/2024 07:14:45 AM,,2010,Skytrak,10054,,Forklift,Active,160039212,,"",$96.00,$550.00,"$1,536.00","$5,376.00","",7182,"3732, 3682","","","","","","","","","","","",
772579805,FL6,11/07/2024,Primary,4163.0,hr,FALSE,,Work Order #36,11/07/2024 07:14:45 AM,11/07/2024 07:14:45 AM,,2010,Skytrak,10054,,Forklift,Active,160039212,,"",$96.00,$550.00,"$1,536.00","$5,376.00","",7182,"3732, 3682","","","","","","","","","","","",
772579804,FL6,11/07/2024,Primary,4163.0,hr,FALSE,,Work Order #36,11/07/2024 07:14:45 AM,11/07/2024 07:14:45 AM,,2010,Skytrak,10054,,Forklift,Active,160039212,,"",$96.00,$550.00,"$1,536.00","$5,376.00","",7182,"3732, 3682","","","","","","","","","","","",
772579261,WL5,11/06/2024,Primary,3326.0,hr,FALSE,,Service Entry #30761013,11/07/2024 07:12:28 AM,11/07/2024 07:12:28 AM,,2011,Caterpillar,289C,,Wheel Loader,Active,CAT0289CVJMP01979,,"",$56.25,$225.00,$875.00,"$2,615.00","",7106,600053,6562,"","","","","","","","","","",
772579259,WL5,11/06/2024,Primary,3326.0,hr,FALSE,,Work Order #35,11/07/2024 07:12:28 AM,11/07/2024 07:12:28 AM,,2011,Caterpillar,289C,,Wheel Loader,Active,CAT0289CVJMP01979,,"",$56.25,$225.00,$875.00,"$2,615.00","",7106,600053,6562,"","","","","","","","","","",
772579258,WL5,11/06/2024,Primary,3326.0,hr,FALSE,,Work Order #35,11/07/2024 07:12:28 AM,11/07/2024 07:12:28 AM,,2011,Caterpillar,289C,,Wheel Loader,Active,CAT0289CVJMP01979,,"",$56.25,$225.00,$875.00,"$2,615.00","",7106,600053,6562,"","","","","","","","","","",
771304788,BL7,11/05/2024,Primary,4357.0,hr,FALSE,,Service Entry #30712667,11/05/2024 06:15:22 AM,11/05/2024 06:15:22 AM,,2015,Genie,S-60X,,Boom Lift,Active,S60X15A-29786,,"","","","","","","","","","","","","","","","","","","",
771304787,BL7,11/05/2024,Primary,4357.0,hr,FALSE,,Work Order #30,11/05/2024 06:15:22 AM,11/05/2024 06:15:22 AM,,2015,Genie,S-60X,,Boom Lift,Active,S60X15A-29786,,"","","","","","","","","","","","","","","","","","","",
771304438,WL5,11/05/2024,Primary,3324.0,hr,FALSE,,Service Entry #30712645,11/05/2024 06:14:37 AM,11/05/2024 06:14:37 AM,,2011,Caterpillar,289C,,Wheel Loader,Active,CAT0289CVJMP01979,,"",$56.25,$225.00,$875.00,"$2,615.00","",7106,600053,6562,"","","","","","","","","","",
771304433,WL5,11/05/2024,Primary,3324.0,hr,FALSE,,Work Order #31,11/05/2024 06:14:36 AM,11/05/2024 06:14:36 AM,,2011,Caterpillar,289C,,Wheel Loader,Active,CAT0289CVJMP01979,,"",$56.25,$225.00,$875.00,"$2,615.00","",7106,600053,6562,"","","","","","","","","","",
770754649,PU6 - Sold,11/04/2024,Primary,165003.0,mi,FALSE,,Manual,11/04/2024 11:09:09 AM,09/09/2025 10:49:03 AM,Fleet,2014,Ford,F150,XL,Pickup,Sold,1FTNF1CFXEKD16575,,"","",$150.00,$441.43,"$1,044.00","","","","","","","","","","","","","","",
770751664,ME5,11/04/2024,Primary,4748.0,hr,FALSE,,Service Entry #30698345,11/04/2024 10:56:23 AM,11/04/2024 10:56:23 AM,,2018,Caterpillar,308E2 CRCB,,Mini Excavator,Active,0FJX10204,,"",$102.00,$415.00,"$1,680.00","$5,032.00","","",9462,9463 / CAT 415-2593,"","","","","","","","","","",
770751663,ME5,11/04/2024,Primary,4748.0,hr,FALSE,,Work Order #32,11/04/2024 10:56:22 AM,11/04/2024 10:56:22 AM,,2018,Caterpillar,308E2 CRCB,,Mini Excavator,Active,0FJX10204,,"",$102.00,$415.00,"$1,680.00","$5,032.00","","",9462,9463 / CAT 415-2593,"","","","","","","","","","",
770748866,SW3,11/04/2024,Primary,614.0,hr,FALSE,,Manual,11/04/2024 10:44:44 AM,05/13/2026 01:25:11 PM,,2004,Laymore,8HC,,Sweeper,Sold,30282,,"",$50.00,$200.00,$800.00,"$2,400.00","","","","","","","","","","","","","",3600.00,05/12/2026
770744290,ME8,11/04/2024,Primary,1353.0,hr,FALSE,,Service Entry #30697361,11/04/2024 10:23:37 AM,11/04/2024 10:23:37 AM,,2018,Takeuchi,TB240,,Mini Excavator,Active,124003653,,"","","","","","",1334,600369,6438,2985,"","","","","","","","","",
769206044,ME8,11/01/2024,Primary,1352.0,hr,FALSE,,Work Order #33,11/01/2024 10:14:33 AM,11/07/2024 07:22:36 AM,,2018,Takeuchi,TB240,,Mini Excavator,Active,124003653,,"","","","","","",1334,600369,6438,2985,"","","","","","","","","",
770756138,PU3,10/31/2024,Primary,222601.0,mi,FALSE,,Service Entry #30699005,11/04/2024 11:16:24 AM,05/13/2026 01:22:30 PM,Fleet,2007,GMC,Sierra 1500,SLT,Pickup,Sold,3GTEK13M27G521148,,"","",$175.00,$515.00,"$1,218.00",13mm,"","","","","","","","","","","","","$5,300.00",05/12/2026
770744953,PU3,10/31/2024,Primary,222600.0,mi,FALSE,,Service Entry #30697472,11/04/2024 10:27:13 AM,05/13/2026 01:22:30 PM,Fleet,2007,GMC,Sierra 1500,SLT,Pickup,Sold,3GTEK13M27G521148,,"","",$175.00,$515.00,"$1,218.00",13mm,"","","","","","","","","","","","","$5,300.00",05/12/2026
767938454,ME5,10/31/2024,Primary,4748.0,hr,FALSE,,Work Order #32,10/30/2024 11:39:12 AM,10/30/2024 11:39:12 AM,,2018,Caterpillar,308E2 CRCB,,Mini Excavator,Active,0FJX10204,,"",$102.00,$415.00,"$1,680.00","$5,032.00","","",9462,9463 / CAT 415-2593,"","","","","","","","","","",
767936688,WL5,10/30/2024,Primary,3324.0,hr,FALSE,,Work Order #31,10/30/2024 11:29:03 AM,10/30/2024 11:29:03 AM,,2011,Caterpillar,289C,,Wheel Loader,Active,CAT0289CVJMP01979,,"",$56.25,$225.00,$875.00,"$2,615.00","",7106,600053,6562,"","","","","","","","","","",
767298371,EX13,10/29/2024,Primary,3024.0,hr,FALSE,,Manual,10/29/2024 11:17:16 AM,10/29/2024 11:17:16 AM,,2016,Hitachi,ZX135,,Excavator,Active,HCMDAEA1K00097613,,"","","","","","","","","","","","","","","","","","","",
767298107,EX13,10/29/2024,Primary,3024.0,hr,FALSE,,Manual,10/29/2024 11:16:24 AM,10/29/2024 11:16:24 AM,,2016,Hitachi,ZX135,,Excavator,Active,HCMDAEA1K00097613,,"","","","","","","","","","","","","","","","","","","",
767289069,WL1,10/29/2024,Primary,13774.0,hr,FALSE,,Manual,10/29/2024 10:50:42 AM,10/29/2024 10:50:42 AM,,2008,John Deere,624J,,Wheel Loader,Active,DW624JZ617237,,"",$187.00,$748.00,"$3,019.00","$8,738.00","",7750S - 6 Gal,3977 / 3978,6922,6923,"","","","","","","","","",
767288599,WL3,10/29/2024,Primary,11378.0,hr,FALSE,,Manual,10/29/2024 10:47:39 AM,10/29/2024 10:47:39 AM,,2008,John Deere,544J,,Wheel Loader,Active,DW544JZ619585,,"",$187.00,$748.00,"$3,019.00","$8,738.00","",7750S,"3248, 3977, 3978",600104,"","","","","","","","","","",
767287007,RL8,10/29/2024,Primary,566.0,hr,FALSE,,Manual,10/29/2024 10:38:32 AM,10/29/2024 10:38:32 AM,,2011,HAMM,HD12,,Roller,Active,H2001478,,"","","","","","","","","","","","","","","","","","","",
767286885,RL5,10/29/2024,Primary,4136.0,hr,FALSE,,Manual,10/29/2024 10:38:05 AM,10/29/2024 10:38:05 AM,,2012,Sakai,SV510TF-III,,Roller,Active,VSV21-10204,,"",$131.00,$525.00,"$2,090.00","$6,270.00","",7182,"3732, 3682",2330,2331,"","","","","","","","","",
767286617,RL5,10/29/2024,Primary,4136.0,hr,FALSE,,Manual,10/29/2024 10:36:51 AM,10/29/2024 10:36:51 AM,,2012,Sakai,SV510TF-III,,Roller,Active,VSV21-10204,,"",$131.00,$525.00,"$2,090.00","$6,270.00","",7182,"3732, 3682",2330,2331,"","","","","","","","","",
767285804,ME8,10/29/2024,Primary,1337.0,hr,FALSE,,Manual,10/29/2024 10:32:49 AM,10/29/2024 10:32:49 AM,,2018,Takeuchi,TB240,,Mini Excavator,Active,124003653,,"","","","","","",1334,600369,6438,2985,"","","","","","","","","",
767285298,ME7,10/29/2024,Primary,3627.0,hr,FALSE,,Manual,10/29/2024 10:30:09 AM,10/29/2024 10:30:09 AM,,2018,Caterpillar,305E2 CRCB,,Mini Excavator,Active,0H5M07082,,"",$102.00,$415.00,"$1,680.00","$5,032.00","","",600586 / CAT 363-5819 Incline,9462,9463 / CAT 415-2593,"","","","","","","","","",
767284923,ME5,10/29/2024,Primary,4748.0,hr,FALSE,,Manual,10/29/2024 10:27:56 AM,10/29/2024 10:27:56 AM,,2018,Caterpillar,308E2 CRCB,,Mini Excavator,Active,0FJX10204,,"",$102.00,$415.00,"$1,680.00","$5,032.00","","",9462,9463 / CAT 415-2593,"","","","","","","","","","",
767284263,FL5,10/29/2024,Primary,7337.0,hr,FALSE,,Manual,10/29/2024 10:25:03 AM,10/29/2024 10:25:03 AM,,2013,JLG,G12-55A,,Forklift,Active,160048663,,"",$96.00,$550.00,"$1,536.00","$5,376.00","",7182,Fleetguard FF 63009,AF55021,AF55312,"","","","","","","","","",
767283560,EX12,10/29/2024,Primary,4808.0,hr,FALSE,,Manual,10/29/2024 10:21:38 AM,10/29/2024 10:21:38 AM,,2016,Caterpillar,325FL CR,,Excavator,Active,CAT0325FEXAA00419,,"","","","","","","","","","","","","","","","","","","",
767282881,EX11,10/29/2024,Primary,2665.0,hr,FALSE,,Manual,10/29/2024 10:17:52 AM,10/29/2024 10:17:52 AM,,2018,Caterpillar,320GC,,Excavator,Active,CAT320GCKKTN00183,,"","","","","","","","","","","","","","","","","","","",
767282423,DT2,10/29/2024,Primary,522720.0,mi,FALSE,,Manual,10/29/2024 10:15:08 AM,10/29/2024 10:15:08 AM,Fleet,2006,Kenworth,T800,,Dump Truck,Active,1NKDXB0X76R138191,,"",$124.00,$497.00,"$1,980.00","$6,270.00","","","","","","","","","","","","","","",
767282330,DT1,10/29/2024,Primary,316153.0,mi,TRUE,,Manual,10/29/2024 10:14:33 AM,10/29/2024 10:14:33 AM,Fleet,2007,Kenworth,W900,,Dump Truck,Active,1NKWXB0X07R159782,,"",$131.00,$525.00,"$2,090.00","$5,940.00","",1792 - 9 Gal,3412 & 3674,"","","",4070,"","","","","","","",
767282258,DT1,10/29/2024,Primary,316153.0,mi,TRUE,,Manual,10/29/2024 10:14:07 AM,10/29/2024 10:14:07 AM,Fleet,2007,Kenworth,W900,,Dump Truck,Active,1NKWXB0X07R159782,,"",$131.00,$525.00,"$2,090.00","$5,940.00","",1792 - 9 Gal,3412 & 3674,"","","",4070,"","","","","","","",
767280755,BL5,10/29/2024,Primary,1505.0,hr,FALSE,,Manual,10/29/2024 10:05:12 AM,10/29/2024 10:05:12 AM,,2014,JLG,450AJ,,Articulated Boom Lift,In Shop,300194724,,"",$90.00,$495.00,"$1,520.00","$3,128.00","",1342,3943,"","","","","","","","","","","",
767280539,BL5,10/29/2024,Primary,1505.0,hr,FALSE,,Manual,10/29/2024 10:04:14 AM,10/29/2024 10:04:14 AM,,2014,JLG,450AJ,,Articulated Boom Lift,In Shop,300194724,,"",$90.00,$495.00,"$1,520.00","$3,128.00","",1342,3943,"","","","","","","","","","","",
767280166,BH4,10/29/2024,Primary,5206.0,hr,FALSE,,Manual,10/29/2024 10:02:33 AM,10/29/2024 10:02:33 AM,,2006,John Deere,310SG,,Backhoe,Active,TO310SG960924,,"",$77.50,$310.00,"$1,220.00","$3,660.00","",7750S - 3.25 Gal,3668,6562,6569,"","",7624,7201,"","","","","",
767277533,BH1,10/29/2024,Primary,4185.0,hr,FALSE,,Manual,10/29/2024 09:50:16 AM,10/29/2024 09:50:16 AM,,2007,Caterpillar,420E,,Backhoe,Active,CAT0420ECHLS04735,,"",$92.00,$365.00,"$1,351.00","$4,043.00","",1459,3609,9108,9109,"","","","","","","","","",
765137807,BL7,10/25/2024,Primary,4357.0,hr,FALSE,,Work Order #30,10/25/2024 10:22:23 AM,10/25/2024 10:22:23 AM,,2015,Genie,S-60X,,Boom Lift,Active,S60X15A-29786,,"","","","","","","","","","","","","","","","","","","",
765138563,FL4,10/23/2024,Primary,7199.0,hr,FALSE,,Service Entry #30394194,10/25/2024 10:26:36 AM,10/25/2024 10:26:36 AM,,2008,Skytrack,10042,,Forklift,Active,160036322,,"",$137.50,$550.00,"$1,408.00","$4,928.00","",7182,"3397, 3732",2330,2816,"","",PT9342,BT8415,"","","","","",
763914946,SW3,10/23/2024,Primary,613.0,hr,FALSE,,Service Entry #30353305,10/23/2024 11:05:39 AM,05/13/2026 01:25:11 PM,,2004,Laymore,8HC,,Sweeper,Sold,30282,,"",$50.00,$200.00,$800.00,"$2,400.00","","","","","","","","","","","","","",3600.00,05/12/2026
763914588,SW3,10/23/2024,Primary,613.0,hr,FALSE,,Service Entry #30353265,10/23/2024 11:04:08 AM,05/13/2026 01:25:11 PM,,2004,Laymore,8HC,,Sweeper,Sold,30282,,"",$50.00,$200.00,$800.00,"$2,400.00","","","","","","","","","","","","","",3600.00,05/12/2026
763914225,PU7,10/23/2024,Primary,123335.0,mi,TRUE,,Service Entry #30353223,10/23/2024 11:02:30 AM,10/23/2024 11:02:30 AM,Fleet,2017,Chevrolet,Silverado,LT Z71,Pickup,Active,3GCUKREC8HG102169,,"","",$175.00,$515.00,"$1,218.00",15mm,"","","","","","","","","","","","","",
763914127,PU7,10/23/2024,Primary,123335.0,mi,TRUE,,Manual,10/23/2024 11:02:01 AM,10/23/2024 11:02:01 AM,Fleet,2017,Chevrolet,Silverado,LT Z71,Pickup,Active,3GCUKREC8HG102169,,"","",$175.00,$515.00,"$1,218.00",15mm,"","","","","","","","","","","","","",
763912423,PU7,10/23/2024,Primary,123335.0,mi,TRUE,,Manual,10/23/2024 10:53:50 AM,10/23/2024 10:53:50 AM,Fleet,2017,Chevrolet,Silverado,LT Z71,Pickup,Active,3GCUKREC8HG102169,,"","",$175.00,$515.00,"$1,218.00",15mm,"","","","","","","","","","","","","",
752782777,SL10,10/04/2024,Primary,184.0,hr,FALSE,,Manual,10/04/2024 08:41:26 AM,10/04/2024 08:41:26 AM,,2015,Skyjack,SJIII3226,,Scissor Lift,Active,27026623,,"","","","","","","","","","","","","","","","","","","",
747985005,DT2,09/25/2024,Primary,521391.0,mi,FALSE,,Service Entry #29735850,09/26/2024 10:09:10 AM,09/26/2024 10:09:10 AM,Fleet,2006,Kenworth,T800,,Dump Truck,Active,1NKDXB0X76R138191,,"",$124.00,$497.00,"$1,980.00","$6,270.00","","","","","","","","","","","","","","",
747981425,DT2,09/25/2024,Primary,521391.0,mi,FALSE,,Work Order #28,09/26/2024 09:50:48 AM,09/26/2024 09:50:48 AM,Fleet,2006,Kenworth,T800,,Dump Truck,Active,1NKDXB0X76R138191,,"",$124.00,$497.00,"$1,980.00","$6,270.00","","","","","","","","","","","","","","",
747981424,DT2,09/24/2024,Primary,521391.0,mi,FALSE,,Work Order #28,09/26/2024 09:50:48 AM,09/26/2024 09:50:48 AM,Fleet,2006,Kenworth,T800,,Dump Truck,Active,1NKDXB0X76R138191,,"",$124.00,$497.00,"$1,980.00","$6,270.00","","","","","","","","","","","","","","",
747980526,ST4,09/24/2024,Primary,136343.0,mi,FALSE,,Service Entry #29735087,09/26/2024 09:43:59 AM,09/26/2024 09:43:59 AM,Fleet,2017,Ford,F-450 Super Duty,,Service Truck,Active,1FD0W4HT2HED69098,,"",$102.00,$415.00,"$1,680.00","$5,032.00","","","","","","","","","","","","","","",
747980468,ST4,09/24/2024,Primary,136343.0,mi,FALSE,,Work Order #27,09/26/2024 09:43:32 AM,09/26/2024 09:43:32 AM,Fleet,2017,Ford,F-450 Super Duty,,Service Truck,Active,1FD0W4HT2HED69098,,"",$102.00,$415.00,"$1,680.00","$5,032.00","","","","","","","","","","","","","","",
747981259,DT2,09/23/2024,Primary,521391.0,mi,FALSE,,Issue #9456414,09/26/2024 09:49:32 AM,09/26/2024 09:49:32 AM,Fleet,2006,Kenworth,T800,,Dump Truck,Active,1NKDXB0X76R138191,,"",$124.00,$497.00,"$1,980.00","$6,270.00","","","","","","","","","","","","","","",
747978245,ME7,09/23/2024,Primary,3498.0,hr,TRUE,exceeds_max_daily_usage,Service Entry #29734676,09/26/2024 09:27:39 AM,09/26/2024 09:27:39 AM,,2018,Caterpillar,305E2 CRCB,,Mini Excavator,Active,0H5M07082,,"",$102.00,$415.00,"$1,680.00","$5,032.00","","",600586 / CAT 363-5819 Incline,9462,9463 / CAT 415-2593,"","","","","","","","","",
747978210,ME7,09/23/2024,Primary,3498.0,hr,TRUE,exceeds_max_daily_usage,Work Order #26,09/26/2024 09:27:31 AM,09/26/2024 09:27:31 AM,,2018,Caterpillar,305E2 CRCB,,Mini Excavator,Active,0H5M07082,,"",$102.00,$415.00,"$1,680.00","$5,032.00","","",600586 / CAT 363-5819 Incline,9462,9463 / CAT 415-2593,"","","","","","","","","",
747978209,ME7,09/23/2024,Primary,3498.0,hr,TRUE,exceeds_max_daily_usage,Work Order #26,09/26/2024 09:27:31 AM,09/26/2024 09:27:31 AM,,2018,Caterpillar,305E2 CRCB,,Mini Excavator,Active,0H5M07082,,"",$102.00,$415.00,"$1,680.00","$5,032.00","","",600586 / CAT 363-5819 Incline,9462,9463 / CAT 415-2593,"","","","","","","","","",
747976347,WL3,09/23/2024,Primary,11300.0,hr,FALSE,,Service Entry #29734356,09/26/2024 09:17:09 AM,09/26/2024 09:17:09 AM,,2008,John Deere,544J,,Wheel Loader,Active,DW544JZ619585,,"",$187.00,$748.00,"$3,019.00","$8,738.00","",7750S,"3248, 3977, 3978",600104,"","","","","","","","","","",
747976257,WL3,09/23/2024,Primary,11300.0,hr,FALSE,,Work Order #24,09/26/2024 09:16:32 AM,09/26/2024 09:16:32 AM,,2008,John Deere,544J,,Wheel Loader,Active,DW544JZ619585,,"",$187.00,$748.00,"$3,019.00","$8,738.00","",7750S,"3248, 3977, 3978",600104,"","","","","","","","","","",
747953851,WL1,09/23/2024,Primary,13653.0,hr,FALSE,,Service Entry #29732967,09/26/2024 08:36:01 AM,09/26/2024 08:36:01 AM,,2008,John Deere,624J,,Wheel Loader,Active,DW624JZ617237,,"",$187.00,$748.00,"$3,019.00","$8,738.00","",7750S - 6 Gal,3977 / 3978,6922,6923,"","","","","","","","","",
747953819,WL1,09/23/2024,Primary,13653.0,hr,FALSE,,Work Order #25,09/26/2024 08:35:51 AM,09/26/2024 08:35:51 AM,,2008,John Deere,624J,,Wheel Loader,Active,DW624JZ617237,,"",$187.00,$748.00,"$3,019.00","$8,738.00","",7750S - 6 Gal,3977 / 3978,6922,6923,"","","","","","","","","",
747953818,WL1,09/23/2024,Primary,13653.0,hr,FALSE,,Work Order #25,09/26/2024 08:35:51 AM,09/26/2024 08:35:51 AM,,2008,John Deere,624J,,Wheel Loader,Active,DW624JZ617237,,"",$187.00,$748.00,"$3,019.00","$8,738.00","",7750S - 6 Gal,3977 / 3978,6922,6923,"","","","","","","","","",
746015137,WL3,09/23/2024,Primary,11300.0,hr,FALSE,,Manual,09/23/2024 10:26:35 AM,09/23/2024 10:26:35 AM,,2008,John Deere,544J,,Wheel Loader,Active,DW544JZ619585,,"",$187.00,$748.00,"$3,019.00","$8,738.00","",7750S,"3248, 3977, 3978",600104,"","","","","","","","","","",
747980467,ST4,09/21/2024,Primary,136343.0,mi,FALSE,,Work Order #27,09/26/2024 09:43:32 AM,09/26/2024 09:43:32 AM,Fleet,2017,Ford,F-450 Super Duty,,Service Truck,Active,1FD0W4HT2HED69098,,"",$102.00,$415.00,"$1,680.00","$5,032.00","","","","","","","","","","","","","","",
747985803,ST6,09/20/2024,Primary,83026.0,mi,FALSE,,Service Entry #29735964,09/26/2024 10:14:11 AM,09/26/2024 10:14:11 AM,Fleet,2016,Ford,F-550 Super Duty,4WD Crew Cab,Service Truck,Active,1FD0W5HT9GED17018,,"","","","","","","","","","","","","","","","","","","",
747985787,ST6,09/20/2024,Primary,83026.0,mi,FALSE,,Work Order #29,09/26/2024 10:14:07 AM,09/26/2024 10:14:07 AM,Fleet,2016,Ford,F-550 Super Duty,4WD Crew Cab,Service Truck,Active,1FD0W5HT9GED17018,,"","","","","","","","","","","","","","","","","","","",
747985786,ST6,09/18/2024,Primary,83026.0,mi,FALSE,,Work Order #29,09/26/2024 10:14:07 AM,09/26/2024 10:14:07 AM,Fleet,2016,Ford,F-550 Super Duty,4WD Crew Cab,Service Truck,Active,1FD0W5HT9GED17018,,"","","","","","","","","","","","","","","","","","","",
741929893,PU12,09/16/2024,Primary,28.0,mi,FALSE,,Manual,09/16/2024 11:57:38 AM,09/16/2024 11:57:38 AM,Fleet,2024,GMC,Sierra 1500,Denali,Pickup,Active,1GTUUGEL0RZ322793,,"","","","","","","","","","","","","","","","","","","",
741929891,PU12,09/16/2024,Primary,28.0,mi,FALSE,,Purchase Detail #1879876,09/16/2024 11:57:38 AM,09/16/2024 11:57:38 AM,Fleet,2024,GMC,Sierra 1500,Denali,Pickup,Active,1GTUUGEL0RZ322793,,"","","","","","","","","","","","","","","","","","","",
739822377,ME8,09/12/2024,Primary,1243.0,hr,FALSE,,Manual,09/12/2024 05:58:48 PM,09/12/2024 05:58:48 PM,,2018,Takeuchi,TB240,,Mini Excavator,Active,124003653,,"","","","","","",1334,600369,6438,2985,"","","","","","","","","",
739822324,EX11,09/12/2024,Primary,2540.0,hr,FALSE,,Manual,09/12/2024 05:58:25 PM,09/12/2024 05:58:25 PM,,2018,Caterpillar,320GC,,Excavator,Active,CAT320GCKKTN00183,,"","","","","","","","","","","","","","","","","","","",
739822262,BH1,09/12/2024,Primary,4125.0,hr,FALSE,,Manual,09/12/2024 05:58:04 PM,09/12/2024 05:58:04 PM,,2007,Caterpillar,420E,,Backhoe,Active,CAT0420ECHLS04735,,"",$92.00,$365.00,"$1,351.00","$4,043.00","",1459,3609,9108,9109,"","","","","","","","","",
739822204,ME5,09/12/2024,Primary,4633.0,hr,FALSE,,Manual,09/12/2024 05:57:44 PM,09/12/2024 05:57:44 PM,,2018,Caterpillar,308E2 CRCB,,Mini Excavator,Active,0FJX10204,,"",$102.00,$415.00,"$1,680.00","$5,032.00","","",9462,9463 / CAT 415-2593,"","","","","","","","","","",
739822157,WL3,09/12/2024,Primary,11281.0,hr,FALSE,,Manual,09/12/2024 05:57:28 PM,09/12/2024 05:57:28 PM,,2008,John Deere,544J,,Wheel Loader,Active,DW544JZ619585,,"",$187.00,$748.00,"$3,019.00","$8,738.00","",7750S,"3248, 3977, 3978",600104,"","","","","","","","","","",
739822111,FL4,09/12/2024,Primary,7134.0,hr,FALSE,,Manual,09/12/2024 05:57:11 PM,09/12/2024 05:57:11 PM,,2008,Skytrack,10042,,Forklift,Active,160036322,,"",$137.50,$550.00,"$1,408.00","$4,928.00","",7182,"3397, 3732",2330,2816,"","",PT9342,BT8415,"","","","","",
739822069,EX12,09/12/2024,Primary,4741.0,hr,FALSE,,Manual,09/12/2024 05:56:53 PM,09/12/2024 05:56:53 PM,,2016,Caterpillar,325FL CR,,Excavator,Active,CAT0325FEXAA00419,,"","","","","","","","","","","","","","","","","","","",
739821954,WL5,09/12/2024,Primary,3261.0,hr,FALSE,,Manual,09/12/2024 05:56:16 PM,09/12/2024 05:56:16 PM,,2011,Caterpillar,289C,,Wheel Loader,Active,CAT0289CVJMP01979,,"",$56.25,$225.00,$875.00,"$2,615.00","",7106,600053,6562,"","","","","","","","","","",
739821910,BL5,09/12/2024,Primary,1496.0,hr,FALSE,,Manual,09/12/2024 05:55:56 PM,09/12/2024 05:55:56 PM,,2014,JLG,450AJ,,Articulated Boom Lift,In Shop,300194724,,"",$90.00,$495.00,"$1,520.00","$3,128.00","",1342,3943,"","","","","","","","","","","",
739821861,EX13,09/12/2024,Primary,2923.0,hr,FALSE,,Manual,09/12/2024 05:55:35 PM,09/12/2024 05:55:35 PM,,2016,Hitachi,ZX135,,Excavator,Active,HCMDAEA1K00097613,,"","","","","","","","","","","","","","","","","","","",
739821800,EX10 - Sold,09/12/2024,Primary,10128.0,hr,FALSE,,Manual,09/12/2024 05:55:13 PM,09/09/2025 10:49:03 AM,,2011,Caterpillar,345DL,,Excavator,Sold,CAT0345DEEEH01123,,"",$313.00,"$1,250.00","$5,000.00","$15,000.00","",CAT 1R-1808,CAT 1R-0755 / 3607 / 3685,CAT 142-1340,CAT 142-1403,"","","","","","","","","",
739821705,ST5,09/12/2024,Primary,180864.0,mi,FALSE,,Manual,09/12/2024 05:54:38 PM,09/12/2024 05:54:38 PM,Fleet,2011,RAM,5500,,Service Truck,Active,3D6WU7CL4BG500622,,"",$102.00,$415.00,"$1,680.00","$5,032.00","",7620,"","","","","","","","","","","","",
739821627,BL7,09/12/2024,Primary,4322.0,hr,FALSE,,Manual,09/12/2024 05:54:11 PM,09/12/2024 05:54:11 PM,,2015,Genie,S-60X,,Boom Lift,Active,S60X15A-29786,,"","","","","","","","","","","","","","","","","","","",
739821574,RL5,09/12/2024,Primary,4112.0,hr,FALSE,,Manual,09/12/2024 05:53:51 PM,09/12/2024 05:53:51 PM,,2012,Sakai,SV510TF-III,,Roller,Active,VSV21-10204,,"",$131.00,$525.00,"$2,090.00","$6,270.00","",7182,"3732, 3682",2330,2331,"","","","","","","","","",
739821501,DZ4,09/12/2024,Primary,4027.0,hr,FALSE,,Manual,09/12/2024 05:53:20 PM,09/12/2024 05:53:20 PM,,2015,Caterpillar,D6K2 XLT,,Bulldozer,Active,WMR00849,,"","","","","","","","","","","","","","","","","","","",
739821453,FL5,09/12/2024,Primary,7247.0,hr,FALSE,,Manual,09/12/2024 05:52:53 PM,09/12/2024 05:52:53 PM,,2013,JLG,G12-55A,,Forklift,Active,160048663,,"",$96.00,$550.00,"$1,536.00","$5,376.00","",7182,Fleetguard FF 63009,AF55021,AF55312,"","","","","","","","","",
739821403,ME7,09/12/2024,Primary,3443.0,hr,TRUE,exceeds_max_daily_usage,Manual,09/12/2024 05:52:27 PM,09/12/2024 05:52:27 PM,,2018,Caterpillar,305E2 CRCB,,Mini Excavator,Active,0H5M07082,,"",$102.00,$415.00,"$1,680.00","$5,032.00","","",600586 / CAT 363-5819 Incline,9462,9463 / CAT 415-2593,"","","","","","","","","",
739821244,WL1,09/12/2024,Primary,19674.0,hr,TRUE,exceeds_max_daily_usage,Manual,09/12/2024 05:51:09 PM,09/12/2024 05:51:09 PM,,2008,John Deere,624J,,Wheel Loader,Active,DW624JZ617237,,"",$187.00,$748.00,"$3,019.00","$8,738.00","",7750S - 6 Gal,3977 / 3978,6922,6923,"","","","","","","","","",
739072575,ST6,09/11/2024,Primary,82325.0,mi,FALSE,,Manual,09/11/2024 10:23:50 AM,09/11/2024 10:23:50 AM,Fleet,2016,Ford,F-550 Super Duty,4WD Crew Cab,Service Truck,Active,1FD0W5HT9GED17018,,"","","","","","","","","","","","","","","","","","","",
739072573,ST6,09/10/2024,Primary,82325.0,mi,FALSE,,Purchase Detail #1875347,09/11/2024 10:23:50 AM,09/11/2024 10:23:50 AM,Fleet,2016,Ford,F-550 Super Duty,4WD Crew Cab,Service Truck,Active,1FD0W5HT9GED17018,,"","","","","","","","","","","","","","","","","","","",
752782776,SL10,09/04/2024,Primary,184.0,hr,FALSE,,Purchase Detail #1898026,10/04/2024 08:41:25 AM,10/04/2024 08:41:25 AM,,2015,Skyjack,SJIII3226,,Scissor Lift,Active,27026623,,"","","","","","","","","","","","","","","","","","","",
729803124,ME7,08/22/2024,Primary,2700.0,hr,FALSE,,Service Entry #29068474,08/26/2024 02:00:55 PM,08/26/2024 02:00:55 PM,,2018,Caterpillar,305E2 CRCB,,Mini Excavator,Active,0H5M07082,,"",$102.00,$415.00,"$1,680.00","$5,032.00","","",600586 / CAT 363-5819 Incline,9462,9463 / CAT 415-2593,"","","","","","","","","",
729803084,ME7,08/22/2024,Primary,2700.0,hr,FALSE,,Work Order #22,08/26/2024 02:00:45 PM,08/26/2024 02:00:45 PM,,2018,Caterpillar,305E2 CRCB,,Mini Excavator,Active,0H5M07082,,"",$102.00,$415.00,"$1,680.00","$5,032.00","","",600586 / CAT 363-5819 Incline,9462,9463 / CAT 415-2593,"","","","","","","","","",
729803083,ME7,08/21/2024,Primary,2700.0,hr,FALSE,,Work Order #22,08/26/2024 02:00:45 PM,08/26/2024 02:00:45 PM,,2018,Caterpillar,305E2 CRCB,,Mini Excavator,Active,0H5M07082,,"",$102.00,$415.00,"$1,680.00","$5,032.00","","",600586 / CAT 363-5819 Incline,9462,9463 / CAT 415-2593,"","","","","","","","","",
729811067,DT2,08/20/2024,Primary,520870.0,mi,FALSE,,Service Entry #29069437,08/26/2024 02:42:11 PM,08/26/2024 02:42:11 PM,Fleet,2006,Kenworth,T800,,Dump Truck,Active,1NKDXB0X76R138191,,"",$124.00,$497.00,"$1,980.00","$6,270.00","","","","","","","","","","","","","","",
726264282,DT2,08/20/2024,Primary,520873.0,mi,FALSE,,Service Entry #28937652,08/20/2024 09:13:14 AM,08/20/2024 09:13:14 AM,Fleet,2006,Kenworth,T800,,Dump Truck,Active,1NKDXB0X76R138191,,"",$124.00,$497.00,"$1,980.00","$6,270.00","","","","","","","","","","","","","","",
724144006,FL6,08/16/2024,Primary,4150.0,hr,FALSE,,Service Entry #28881523,08/16/2024 10:01:11 AM,08/16/2024 10:01:11 AM,,2010,Skytrak,10054,,Forklift,Active,160039212,,"",$96.00,$550.00,"$1,536.00","$5,376.00","",7182,"3732, 3682","","","","","","","","","","","",
724143540,FL6,08/16/2024,Primary,4150.0,hr,FALSE,,Manual,08/16/2024 09:59:50 AM,08/16/2024 09:59:50 AM,,2010,Skytrak,10054,,Forklift,Active,160039212,,"",$96.00,$550.00,"$1,536.00","$5,376.00","",7182,"3732, 3682","","","","","","","","","","","",
729811057,DT2,08/12/2024,Primary,520870.0,mi,FALSE,,Work Order #23,08/26/2024 02:42:06 PM,08/26/2024 02:42:06 PM,Fleet,2006,Kenworth,T800,,Dump Truck,Active,1NKDXB0X76R138191,,"",$124.00,$497.00,"$1,980.00","$6,270.00","","","","","","","","","","","","","","",
729811056,DT2,08/12/2024,Primary,520870.0,mi,FALSE,,Work Order #23,08/26/2024 02:42:06 PM,08/26/2024 02:42:06 PM,Fleet,2006,Kenworth,T800,,Dump Truck,Active,1NKDXB0X76R138191,,"",$124.00,$497.00,"$1,980.00","$6,270.00","","","","","","","","","","","","","","",
729781270,ST5,08/07/2024,Primary,179501.0,mi,FALSE,,Service Entry #29064604,08/26/2024 12:27:17 PM,08/26/2024 12:27:17 PM,Fleet,2011,RAM,5500,,Service Truck,Active,3D6WU7CL4BG500622,,"",$102.00,$415.00,"$1,680.00","$5,032.00","",7620,"","","","","","","","","","","","",
729781219,ST5,08/07/2024,Primary,179501.0,mi,FALSE,,Work Order #19,08/26/2024 12:27:08 PM,08/26/2024 12:27:08 PM,Fleet,2011,RAM,5500,,Service Truck,Active,3D6WU7CL4BG500622,,"",$102.00,$415.00,"$1,680.00","$5,032.00","",7620,"","","","","","","","","","","","",
729781218,ST5,08/07/2024,Primary,179501.0,mi,FALSE,,Work Order #19,08/26/2024 12:27:08 PM,08/26/2024 12:27:08 PM,Fleet,2011,RAM,5500,,Service Truck,Active,3D6WU7CL4BG500622,,"",$102.00,$415.00,"$1,680.00","$5,032.00","",7620,"","","","","","","","","","","","",
987814283,FL5,08/01/2024,Primary,7237.0,hr,TRUE,,Work Order #9,09/19/2025 10:16:22 AM,09/22/2025 10:54:30 AM,,2013,JLG,G12-55A,,Forklift,Active,160048663,,"",$96.00,$550.00,"$1,536.00","$5,376.00","",7182,Fleetguard FF 63009,AF55021,AF55312,"","","","","","","","","",
721548601,PU6 - Sold,07/18/2024,Primary,160500.0,mi,FALSE,,Service Entry #28763905,08/12/2024 06:32:42 AM,09/09/2025 10:49:03 AM,Fleet,2014,Ford,F150,XL,Pickup,Sold,1FTNF1CFXEKD16575,,"","",$150.00,$441.43,"$1,044.00","","","","","","","","","","","","","","",
706291909,PU3,07/16/2024,Primary,221404.0,mi,FALSE,,Manual,07/16/2024 11:16:22 AM,05/13/2026 01:22:30 PM,Fleet,2007,GMC,Sierra 1500,SLT,Pickup,Sold,3GTEK13M27G521148,,"","",$175.00,$515.00,"$1,218.00",13mm,"","","","","","","","","","","","","$5,300.00",05/12/2026
678004490,BL5,05/23/2024,Primary,1484.0,hr,FALSE,,Service Entry #26611992,05/23/2024 06:43:58 AM,05/23/2024 06:43:58 AM,,2014,JLG,450AJ,,Articulated Boom Lift,In Shop,300194724,,"",$90.00,$495.00,"$1,520.00","$3,128.00","",1342,3943,"","","","","","","","","","","",
676347333,PU10,05/17/2024,Primary,6735.0,mi,FALSE,,Service Entry #26539700,05/20/2024 09:05:35 AM,05/20/2024 09:05:35 AM,Fleet,2024,Toyota,Tundra,Capstone HV,Pickup,Active,5TFVC5DB6RX056048,,"","","","","","","","","","","","","","","","","","","",
675132570,PU10,05/17/2024,Primary,6735.0,mi,FALSE,,Manual,05/17/2024 02:28:55 PM,05/17/2024 02:28:55 PM,Fleet,2024,Toyota,Tundra,Capstone HV,Pickup,Active,5TFVC5DB6RX056048,,"","","","","","","","","","","","","","","","","","","",
729778098,BH1,05/02/2024,Primary,4068.0,hr,FALSE,,Service Entry #29063687,08/26/2024 12:16:19 PM,08/26/2024 12:16:19 PM,,2007,Caterpillar,420E,,Backhoe,Active,CAT0420ECHLS04735,,"",$92.00,$365.00,"$1,351.00","$4,043.00","",1459,3609,9108,9109,"","","","","","","","","",
729778070,BH1,05/02/2024,Primary,4068.0,hr,FALSE,,Work Order #18,08/26/2024 12:16:13 PM,08/26/2024 12:16:13 PM,,2007,Caterpillar,420E,,Backhoe,Active,CAT0420ECHLS04735,,"",$92.00,$365.00,"$1,351.00","$4,043.00","",1459,3609,9108,9109,"","","","","","","","","",
729778069,BH1,05/01/2024,Primary,4065.0,hr,FALSE,,Work Order #18,08/26/2024 12:16:13 PM,08/26/2024 12:16:13 PM,,2007,Caterpillar,420E,,Backhoe,Active,CAT0420ECHLS04735,,"",$92.00,$365.00,"$1,351.00","$4,043.00","",1459,3609,9108,9109,"","","","","","","","","",
667077058,BH1,05/01/2024,Primary,4068.0,hr,FALSE,,Manual,05/01/2024 07:57:19 AM,05/01/2024 07:57:19 AM,,2007,Caterpillar,420E,,Backhoe,Active,CAT0420ECHLS04735,,"",$92.00,$365.00,"$1,351.00","$4,043.00","",1459,3609,9108,9109,"","","","","","","","","",
676340908,PU10,04/24/2024,Primary,5136.0,mi,FALSE,,Service Entry #26538886,05/20/2024 08:35:36 AM,05/20/2024 08:35:36 AM,Fleet,2024,Toyota,Tundra,Capstone HV,Pickup,Active,5TFVC5DB6RX056048,,"","","","","","","","","","","","","","","","","","","",
662564094,BH1,04/22/2024,Primary,4065.0,hr,FALSE,,Manual,04/22/2024 02:19:56 PM,04/22/2024 02:19:56 PM,,2007,Caterpillar,420E,,Backhoe,Active,CAT0420ECHLS04735,,"",$92.00,$365.00,"$1,351.00","$4,043.00","",1459,3609,9108,9109,"","","","","","","","","",
659636585,BL7,04/16/2024,Primary,4251.0,hr,FALSE,,Purchase Detail #1740236,04/16/2024 02:59:39 PM,04/16/2024 02:59:39 PM,,2015,Genie,S-60X,,Boom Lift,Active,S60X15A-29786,,"","","","","","","","","","","","","","","","","","","",
658976923,PU8,04/15/2024,Primary,86149.0,mi,FALSE,,Service Entry #25908350,04/15/2024 11:09:34 AM,04/15/2024 11:09:34 AM,Fleet,2016,Ford,Transit Van,T350 XLT,Pickup,Active,1FBZX2ZM4GKA57261,,"","",$150.00,$441.00,"$1,044.00","","","","","","","","","","","","","","",
658975931,PU8,04/15/2024,Primary,86149.0,mi,FALSE,,Manual,04/15/2024 11:04:59 AM,04/15/2024 11:04:59 AM,Fleet,2016,Ford,Transit Van,T350 XLT,Pickup,Active,1FBZX2ZM4GKA57261,,"","",$150.00,$441.00,"$1,044.00","","","","","","","","","","","","","","",
655766844,PU6 - Sold,04/09/2024,Primary,155700.0,mi,FALSE,,Manual,04/09/2024 06:07:07 AM,09/09/2025 10:49:03 AM,Fleet,2014,Ford,F150,XL,Pickup,Sold,1FTNF1CFXEKD16575,,"","",$150.00,$441.43,"$1,044.00","","","","","","","","","","","","","","",
653380459,PU3,04/04/2024,Primary,217301.0,mi,FALSE,,Manual,04/04/2024 09:38:18 AM,05/13/2026 01:22:30 PM,Fleet,2007,GMC,Sierra 1500,SLT,Pickup,Sold,3GTEK13M27G521148,,"","",$175.00,$515.00,"$1,218.00",13mm,"","","","","","","","","","","","","$5,300.00",05/12/2026
655767429,PU6 - Sold,04/03/2024,Primary,155700.0,mi,FALSE,,Service Entry #25759720,04/09/2024 06:09:55 AM,09/09/2025 10:49:03 AM,Fleet,2014,Ford,F150,XL,Pickup,Sold,1FTNF1CFXEKD16575,,"","",$150.00,$441.43,"$1,044.00","","","","","","","","","","","","","","",
729800190,FL5,03/25/2024,Primary,6972.0,hr,FALSE,,Service Entry #29068149,08/26/2024 01:44:34 PM,08/26/2024 01:44:34 PM,,2013,JLG,G12-55A,,Forklift,Active,160048663,,"",$96.00,$550.00,"$1,536.00","$5,376.00","",7182,Fleetguard FF 63009,AF55021,AF55312,"","","","","","","","","",
729799108,FL5,03/25/2024,Primary,6972.0,hr,FALSE,,Work Order #21,08/26/2024 01:38:09 PM,08/26/2024 01:38:09 PM,,2013,JLG,G12-55A,,Forklift,Active,160048663,,"",$96.00,$550.00,"$1,536.00","$5,376.00","",7182,Fleetguard FF 63009,AF55021,AF55312,"","","","","","","","","",
729799107,FL5,03/11/2024,Primary,6972.0,hr,FALSE,,Work Order #21,08/26/2024 01:38:09 PM,08/26/2024 01:38:09 PM,,2013,JLG,G12-55A,,Forklift,Active,160048663,,"",$96.00,$550.00,"$1,536.00","$5,376.00","",7182,Fleetguard FF 63009,AF55021,AF55312,"","","","","","","","","",
634874086,EX11,02/29/2024,Primary,2306.0,hr,FALSE,,Service Entry #24426833,02/29/2024 01:38:25 PM,02/29/2024 01:38:25 PM,,2018,Caterpillar,320GC,,Excavator,Active,CAT320GCKKTN00183,,"","","","","","","","","","","","","","","","","","","",
634873363,RL8,02/29/2024,Primary,474.0,hr,FALSE,,Service Entry #24426705,02/29/2024 01:34:37 PM,02/29/2024 01:34:37 PM,,2011,HAMM,HD12,,Roller,Active,H2001478,,"","","","","","","","","","","","","","","","","","","",
634872827,RL8,02/29/2024,Primary,474.0,hr,FALSE,,Manual,02/29/2024 01:32:30 PM,02/29/2024 01:32:30 PM,,2011,HAMM,HD12,,Roller,Active,H2001478,,"","","","","","","","","","","","","","","","","","","",
633164663,FL4,02/26/2024,Primary,6827.0,hr,FALSE,,Manual,02/26/2024 07:12:04 AM,02/26/2024 07:12:04 AM,,2008,Skytrack,10042,,Forklift,Active,160036322,,"",$137.50,$550.00,"$1,408.00","$4,928.00","",7182,"3397, 3732",2330,2816,"","",PT9342,BT8415,"","","","","",
633164325,RL5,02/26/2024,Primary,4094.0,hr,FALSE,,Manual,02/26/2024 07:11:03 AM,02/26/2024 07:11:03 AM,,2012,Sakai,SV510TF-III,,Roller,Active,VSV21-10204,,"",$131.00,$525.00,"$2,090.00","$6,270.00","",7182,"3732, 3682",2330,2331,"","","","","","","","","",
633162984,WL5,02/26/2024,Primary,3085.0,hr,FALSE,,Manual,02/26/2024 07:04:42 AM,02/26/2024 07:04:42 AM,,2011,Caterpillar,289C,,Wheel Loader,Active,CAT0289CVJMP01979,,"",$56.25,$225.00,$875.00,"$2,615.00","",7106,600053,6562,"","","","","","","","","","",
633162706,ME8,02/26/2024,Primary,900.0,hr,FALSE,,Manual,02/26/2024 07:03:28 AM,02/26/2024 07:03:28 AM,,2018,Takeuchi,TB240,,Mini Excavator,Active,124003653,,"","","","","","",1334,600369,6438,2985,"","","","","","","","","",
633162176,EX11,02/26/2024,Primary,2304.0,hr,FALSE,,Manual,02/26/2024 07:01:14 AM,02/26/2024 07:01:14 AM,,2018,Caterpillar,320GC,,Excavator,Active,CAT320GCKKTN00183,,"","","","","","","","","","","","","","","","","","","",
633161731,ME5,02/26/2024,Primary,4023.0,hr,FALSE,,Manual,02/26/2024 06:59:13 AM,02/26/2024 06:59:13 AM,,2018,Caterpillar,308E2 CRCB,,Mini Excavator,Active,0FJX10204,,"",$102.00,$415.00,"$1,680.00","$5,032.00","","",9462,9463 / CAT 415-2593,"","","","","","","","","","",
633160873,WL3,02/26/2024,Primary,10873.0,hr,FALSE,,Manual,02/26/2024 06:55:35 AM,02/26/2024 06:55:35 AM,,2008,John Deere,544J,,Wheel Loader,Active,DW544JZ619585,,"",$187.00,$748.00,"$3,019.00","$8,738.00","",7750S,"3248, 3977, 3978",600104,"","","","","","","","","","",
633160581,WL1,02/26/2024,Primary,13273.0,hr,FALSE,,Manual,02/26/2024 06:54:19 AM,02/26/2024 06:54:19 AM,,2008,John Deere,624J,,Wheel Loader,Active,DW624JZ617237,,"",$187.00,$748.00,"$3,019.00","$8,738.00","",7750S - 6 Gal,3977 / 3978,6922,6923,"","","","","","","","","",
633160248,BH1,02/26/2024,Primary,4017.0,hr,FALSE,,Manual,02/26/2024 06:52:55 AM,02/26/2024 06:52:55 AM,,2007,Caterpillar,420E,,Backhoe,Active,CAT0420ECHLS04735,,"",$92.00,$365.00,"$1,351.00","$4,043.00","",1459,3609,9108,9109,"","","","","","","","","",
633159365,FL5,02/26/2024,Primary,6972.0,hr,FALSE,,Manual,02/26/2024 06:49:18 AM,02/26/2024 06:49:18 AM,,2013,JLG,G12-55A,,Forklift,Active,160048663,,"",$96.00,$550.00,"$1,536.00","$5,376.00","",7182,Fleetguard FF 63009,AF55021,AF55312,"","","","","","","","","",
633159193,EX10 - Sold,02/26/2024,Primary,9975.0,hr,FALSE,,Manual,02/26/2024 06:48:24 AM,09/09/2025 10:49:03 AM,,2011,Caterpillar,345DL,,Excavator,Sold,CAT0345DEEEH01123,,"",$313.00,"$1,250.00","$5,000.00","$15,000.00","",CAT 1R-1808,CAT 1R-0755 / 3607 / 3685,CAT 142-1340,CAT 142-1403,"","","","","","","","","",
633159073,EX10 - Sold,02/26/2024,Primary,9975.0,hr,FALSE,,Manual,02/26/2024 06:47:53 AM,09/09/2025 10:49:03 AM,,2011,Caterpillar,345DL,,Excavator,Sold,CAT0345DEEEH01123,,"",$313.00,"$1,250.00","$5,000.00","$15,000.00","",CAT 1R-1808,CAT 1R-0755 / 3607 / 3685,CAT 142-1340,CAT 142-1403,"","","","","","","","","",
627709040,PU5,02/16/2024,Primary,217449.0,mi,FALSE,,Manual,02/16/2024 06:06:39 AM,02/16/2024 06:06:39 AM,Fleet,1998,Chevrolet,Z-71,K1500 Silverado,Pickup,Active,1GCEK19R5WR152125,,"","",$100.00,$294.29,$696.00,"",1036,"","","","","","","","","","","","",
627708921,PU5,02/16/2024,Primary,217449.0,mi,FALSE,,Manual,02/16/2024 06:06:12 AM,02/16/2024 06:06:12 AM,Fleet,1998,Chevrolet,Z-71,K1500 Silverado,Pickup,Active,1GCEK19R5WR152125,,"","",$100.00,$294.29,$696.00,"",1036,"","","","","","","","","","","","",
627270195,ME7,02/15/2024,Primary,2700.0,hr,FALSE,,Service Entry #23360553,02/15/2024 12:18:20 PM,02/15/2024 12:18:20 PM,,2018,Caterpillar,305E2 CRCB,,Mini Excavator,Active,0H5M07082,,"",$102.00,$415.00,"$1,680.00","$5,032.00","","",600586 / CAT 363-5819 Incline,9462,9463 / CAT 415-2593,"","","","","","","","","",
627270010,ME7,02/15/2024,Primary,2700.0,hr,FALSE,,Manual,02/15/2024 12:17:27 PM,02/15/2024 12:17:27 PM,,2018,Caterpillar,305E2 CRCB,,Mini Excavator,Active,0H5M07082,,"",$102.00,$415.00,"$1,680.00","$5,032.00","","",600586 / CAT 363-5819 Incline,9462,9463 / CAT 415-2593,"","","","","","","","","",
627269855,EX12,02/15/2024,Primary,4280.0,hr,FALSE,,Service Entry #23360510,02/15/2024 12:16:42 PM,02/15/2024 12:16:42 PM,,2016,Caterpillar,325FL CR,,Excavator,Active,CAT0325FEXAA00419,,"","","","","","","","","","","","","","","","","","","",
626686905,ME5,02/14/2024,Primary,3971.8,hr,FALSE,,Issue #7325332,02/14/2024 08:03:50 AM,02/14/2024 08:03:50 AM,,2018,Caterpillar,308E2 CRCB,,Mini Excavator,Active,0FJX10204,,"",$102.00,$415.00,"$1,680.00","$5,032.00","","",9462,9463 / CAT 415-2593,"","","","","","","","","","",
624435103,PU2 - Sold,02/09/2024,Primary,199435.0,mi,FALSE,,Manual,02/09/2024 08:44:50 AM,11/07/2024 01:58:39 PM,Fleet,2008,Chevrolet,Silverado 1500,Work Truck,Pickup,Sold,1GCEC14X68Z292951,,"",$125.00,$367.00,$367.86,$870.00,"","","","","","","","","","","","","","",
623997443,EX12,02/06/2024,Primary,4278.0,hr,FALSE,,Purchase Detail #1658601,02/08/2024 03:05:38 PM,02/08/2024 03:05:38 PM,,2016,Caterpillar,325FL CR,,Excavator,Active,CAT0325FEXAA00419,,"","","","","","","","","","","","","","","","","","","",
620722400,SW2,02/02/2024,Primary,935.0,hr,TRUE,"",Work Order #15,02/02/2024 08:17:40 AM,11/19/2025 06:55:31 AM,,2000,Laymore,8HC,,Sweeper,Active,27499-004,,"",$50.00,$200.00,$800.00,"$2,400.00","","",3390,"","","","","","","","","","","",
729794820,ST5,01/30/2024,Primary,167200.0,mi,FALSE,,Service Entry #29067390,08/26/2024 01:18:31 PM,08/26/2024 01:18:31 PM,Fleet,2011,RAM,5500,,Service Truck,Active,3D6WU7CL4BG500622,,"",$102.00,$415.00,"$1,680.00","$5,032.00","",7620,"","","","","","","","","","","","",
729790913,ST5,01/30/2024,Primary,167200.0,mi,FALSE,,Work Order #20,08/26/2024 01:07:14 PM,08/26/2024 01:07:14 PM,Fleet,2011,RAM,5500,,Service Truck,Active,3D6WU7CL4BG500622,,"",$102.00,$415.00,"$1,680.00","$5,032.00","",7620,"","","","","","","","","","","","",
729790912,ST5,01/29/2024,Primary,167200.0,mi,FALSE,,Work Order #20,08/26/2024 01:07:14 PM,08/26/2024 01:07:14 PM,Fleet,2011,RAM,5500,,Service Truck,Active,3D6WU7CL4BG500622,,"",$102.00,$415.00,"$1,680.00","$5,032.00","",7620,"","","","","","","","","","","","",
619117421,PU4 - Sold,01/26/2024,Primary,239898.0,mi,FALSE,,Vehicle Assignment #3048327,01/30/2024 09:47:43 AM,11/07/2024 01:53:53 PM,,2007,Toyota,Tundra,Limited,Pickup,Sold,5TBDV58137S486008,,"","",$175.00,$515.00,"$1,218.00","","","","","","","","","","","","","","",
619112490,PU10,01/26/2024,Primary,20.0,mi,FALSE,,Purchase Detail #1647129,01/30/2024 09:31:57 AM,01/30/2024 09:31:57 AM,Fleet,2024,Toyota,Tundra,Capstone HV,Pickup,Active,5TFVC5DB6RX056048,,"","","","","","","","","","","","","","","","","","","",
617420959,WL1,01/26/2024,Primary,13220.0,hr,TRUE,,Issue #7174586,01/26/2024 10:28:11 AM,01/26/2024 10:28:11 AM,,2008,John Deere,624J,,Wheel Loader,Active,DW624JZ617237,,"",$187.00,$748.00,"$3,019.00","$8,738.00","",7750S - 6 Gal,3977 / 3978,6922,6923,"","","","","","","","","",
617393280,FL4,01/26/2024,Primary,6793.0,hr,FALSE,,Manual,01/26/2024 08:03:14 AM,01/26/2024 08:03:14 AM,,2008,Skytrack,10042,,Forklift,Active,160036322,,"",$137.50,$550.00,"$1,408.00","$4,928.00","",7182,"3397, 3732",2330,2816,"","",PT9342,BT8415,"","","","","",
616903092,EX10 - Sold,01/25/2024,Primary,9951.0,hr,FALSE,,Manual,01/25/2024 09:02:51 AM,09/09/2025 10:49:03 AM,,2011,Caterpillar,345DL,,Excavator,Sold,CAT0345DEEEH01123,,"",$313.00,"$1,250.00","$5,000.00","$15,000.00","",CAT 1R-1808,CAT 1R-0755 / 3607 / 3685,CAT 142-1340,CAT 142-1403,"","","","","","","","","",
616410342,EX11,01/24/2024,Primary,2237.0,hr,FALSE,,Manual,01/24/2024 09:19:05 AM,01/24/2024 09:19:05 AM,,2018,Caterpillar,320GC,,Excavator,Active,CAT320GCKKTN00183,,"","","","","","","","","","","","","","","","","","","",
729768516,WT1,01/23/2024,Primary,18192.0,mi,FALSE,,Service Entry #29061358,08/26/2024 11:41:25 AM,08/26/2024 11:41:25 AM,Fleet,2001,International,4700,,Water Truck,Active,1HTSCABN81H343644,,"",$101.00,$402.00,"$1,486.00","$4,447.00","",1734,3817,"","","","","","","","","","","",
729760958,WT1,01/23/2024,Primary,18192.0,mi,FALSE,,Work Order #17,08/26/2024 11:11:27 AM,08/26/2024 11:11:27 AM,Fleet,2001,International,4700,,Water Truck,Active,1HTSCABN81H343644,,"",$101.00,$402.00,"$1,486.00","$4,447.00","",1734,3817,"","","","","","","","","","","",
613201285,ME7,01/17/2024,Primary,2658.0,hr,FALSE,,Issue #7099726,01/17/2024 08:41:23 AM,01/17/2024 08:41:23 AM,,2018,Caterpillar,305E2 CRCB,,Mini Excavator,Active,0H5M07082,,"",$102.00,$415.00,"$1,680.00","$5,032.00","","",600586 / CAT 363-5819 Incline,9462,9463 / CAT 415-2593,"","","","","","","","","",
613695279,EX10 - Sold,01/16/2024,Primary,9900.0,hr,FALSE,,Service Entry #22357286,01/18/2024 08:24:26 AM,09/09/2025 10:49:03 AM,,2011,Caterpillar,345DL,,Excavator,Sold,CAT0345DEEEH01123,,"",$313.00,"$1,250.00","$5,000.00","$15,000.00","",CAT 1R-1808,CAT 1R-0755 / 3607 / 3685,CAT 142-1340,CAT 142-1403,"","","","","","","","","",
613694723,EX10 - Sold,01/16/2024,Primary,9900.0,hr,FALSE,,Service Entry #22357197,01/18/2024 08:21:10 AM,09/09/2025 10:49:03 AM,,2011,Caterpillar,345DL,,Excavator,Sold,CAT0345DEEEH01123,,"",$313.00,"$1,250.00","$5,000.00","$15,000.00","",CAT 1R-1808,CAT 1R-0755 / 3607 / 3685,CAT 142-1340,CAT 142-1403,"","","","","","","","","",
613693973,EX10 - Sold,01/16/2024,Primary,9900.0,hr,FALSE,,Service Entry #22357099,01/18/2024 08:17:03 AM,09/09/2025 10:49:03 AM,,2011,Caterpillar,345DL,,Excavator,Sold,CAT0345DEEEH01123,,"",$313.00,"$1,250.00","$5,000.00","$15,000.00","",CAT 1R-1808,CAT 1R-0755 / 3607 / 3685,CAT 142-1340,CAT 142-1403,"","","","","","","","","",
613696859,WL3,01/11/2024,Primary,10734.0,hr,FALSE,,Service Entry #22357540,01/18/2024 08:34:07 AM,01/18/2024 08:34:07 AM,,2008,John Deere,544J,,Wheel Loader,Active,DW544JZ619585,,"",$187.00,$748.00,"$3,019.00","$8,738.00","",7750S,"3248, 3977, 3978",600104,"","","","","","","","","","",
610132354,PU2 - Sold,01/10/2024,Primary,198075.0,mi,FALSE,,Manual,01/10/2024 08:13:00 AM,11/07/2024 01:58:39 PM,Fleet,2008,Chevrolet,Silverado 1500,Work Truck,Pickup,Sold,1GCEC14X68Z292951,,"",$125.00,$367.00,$367.86,$870.00,"","","","","","","","","","","","","","",
610132253,EX10 - Sold,01/10/2024,Primary,9800.0,hr,FALSE,,Service Entry #22217879,01/10/2024 08:12:34 AM,09/09/2025 10:49:03 AM,,2011,Caterpillar,345DL,,Excavator,Sold,CAT0345DEEEH01123,,"",$313.00,"$1,250.00","$5,000.00","$15,000.00","",CAT 1R-1808,CAT 1R-0755 / 3607 / 3685,CAT 142-1340,CAT 142-1403,"","","","","","","","","",
613696161,WL1,01/09/2024,Primary,12510.0,hr,FALSE,,Service Entry #22357432,01/18/2024 08:29:38 AM,01/18/2024 08:29:38 AM,,2008,John Deere,624J,,Wheel Loader,Active,DW624JZ617237,,"",$187.00,$748.00,"$3,019.00","$8,738.00","",7750S - 6 Gal,3977 / 3978,6922,6923,"","","","","","","","","",
609668477,WL3,01/09/2024,Primary,10734.0,hr,FALSE,,Manual,01/09/2024 08:51:12 AM,01/09/2024 08:51:12 AM,,2008,John Deere,544J,,Wheel Loader,Active,DW544JZ619585,,"",$187.00,$748.00,"$3,019.00","$8,738.00","",7750S,"3248, 3977, 3978",600104,"","","","","","","","","","",
729760957,WT1,01/08/2024,Primary,18192.0,mi,FALSE,,Work Order #17,08/26/2024 11:11:27 AM,08/26/2024 11:20:31 AM,Fleet,2001,International,4700,,Water Truck,Active,1HTSCABN81H343644,,"",$101.00,$402.00,"$1,486.00","$4,447.00","",1734,3817,"","","","","","","","","","","",
729790717,ST5,01/04/2024,Primary,167200.0,mi,FALSE,,Issue #9137372,08/26/2024 01:06:21 PM,08/26/2024 01:06:21 PM,Fleet,2011,RAM,5500,,Service Truck,Active,3D6WU7CL4BG500622,,"",$102.00,$415.00,"$1,680.00","$5,032.00","",7620,"","","","","","","","","","","","",
607540730,LM1 - Sold,01/04/2024,Primary,113.0,hr,FALSE,,Service Entry #22142727,01/04/2024 11:36:59 AM,11/07/2024 01:48:26 PM,,2023,John Deere,Z515E,,Mower,Sold,1GX515EJHPP101563,,"","","","","","","","","","","","","","","","","","","",
623992569,PU7,01/03/2024,Primary,129966.0,mi,FALSE,,Service Entry #23242477,02/08/2024 02:35:27 PM,02/08/2024 02:35:27 PM,Fleet,2017,Chevrolet,Silverado,LT Z71,Pickup,Active,3GCUKREC8HG102169,,"","",$175.00,$515.00,"$1,218.00",15mm,"","","","","","","","","","","","","",
603868014,ST4,12/26/2023,Primary,112000.0,mi,FALSE,,Service Entry #22027633,12/26/2023 11:08:35 AM,12/26/2023 11:08:35 AM,Fleet,2017,Ford,F-450 Super Duty,,Service Truck,Active,1FD0W4HT2HED69098,,"",$102.00,$415.00,"$1,680.00","$5,032.00","","","","","","","","","","","","","","",
604277119,ME6 - Sold,12/21/2023,Primary,4073.0,hr,FALSE,,Manual,12/27/2023 11:10:40 AM,11/07/2024 01:52:20 PM,,2018,Caterpillar,304E2 CRCB,,Mini Excavator,Sold,0ME404105,,"",$92.00,$365.00,"$1,351.00","$4,043.00","",7730,600586 / CAT 363-5819 Incline,9462,9463 / CAT 415-2593,"","",CAT 421-5481,"",CAT 389-1590,"","","","",
604274819,EX9 - Sold,12/21/2023,Primary,6097.0,hr,FALSE,,Manual,12/27/2023 10:58:00 AM,11/07/2024 01:33:29 PM,,2008,Komatsu,PC228US-3,,Excavator,Sold,KMTPC161K02041940,,"",$187.00,$748.00,"$3,019.00","$8,738.00","",7136,"3697, 3242",6744,6782,"","","","","","","","","",
596787877,PU3,12/15/2023,Primary,213036.0,mi,FALSE,,Manual,12/15/2023 01:43:22 PM,05/13/2026 01:22:30 PM,Fleet,2007,GMC,Sierra 1500,SLT,Pickup,Sold,3GTEK13M27G521148,,"","",$175.00,$515.00,"$1,218.00",13mm,"","","","","","","","","","","","","$5,300.00",05/12/2026
579711769,PU7,11/30/2023,Primary,105000.0,mi,FALSE,,Service Entry #21587390,11/30/2023 11:19:14 PM,11/30/2023 11:19:14 PM,Fleet,2017,Chevrolet,Silverado,LT Z71,Pickup,Active,3GCUKREC8HG102169,,"","",$175.00,$515.00,"$1,218.00",15mm,"","","","","","","","","","","","","",
578970989,BL6,11/30/2023,Primary,1110.0,hr,FALSE,,Issue #6769725,11/30/2023 08:52:02 AM,11/30/2023 08:52:02 AM,,2014,JLG,450AJ,,Articulated Boom Lift,Active,300194729,,"",$90.00,$495.00,"$1,520.00","$3,128.00","",1342,3943,"","","","","","","","","","","",
578969097,SL7,11/30/2023,Primary,2800.0,hr,FALSE,,Service Entry #21575220,11/30/2023 08:49:35 AM,11/30/2023 08:49:35 AM,,2002,Genie,GS3268RT,Off Road 4x4,Scissor Lift,Active,40123,,"",$64.00,$358.00,$776.00,"$2,068.00","",7141,3012,6270,"","","","","","","","","","",
578968086,ST1 - Sold,11/30/2023,Primary,222000.0,mi,FALSE,,Service Entry #21575169,11/30/2023 08:47:47 AM,09/09/2025 11:01:58 AM,Fleet,2007,GMC,TopKick C4500,,Service Truck,Sold,1GDE4C1277F408235,,"",$102.00,$415.00,"$1,680.00","$5,032.00","",7202,3960,"","","","","","","","","","","",
578966799,PU2 - Sold,11/30/2023,Primary,196280.0,mi,FALSE,,Service Entry #21575116,11/30/2023 08:45:58 AM,11/07/2024 01:58:39 PM,Fleet,2008,Chevrolet,Silverado 1500,Work Truck,Pickup,Sold,1GCEC14X68Z292951,,"",$125.00,$367.00,$367.86,$870.00,"","","","","","","","","","","","","","",
578966052,PU2 - Sold,11/30/2023,Primary,196280.0,mi,FALSE,,Manual,11/30/2023 08:44:17 AM,11/07/2024 01:58:39 PM,Fleet,2008,Chevrolet,Silverado 1500,Work Truck,Pickup,Sold,1GCEC14X68Z292951,,"",$125.00,$367.00,$367.86,$870.00,"","","","","","","","","","","","","","",
567000394,PU2 - Sold,11/21/2023,Primary,196016.0,mi,FALSE,,Manual,11/21/2023 06:57:20 AM,11/07/2024 01:58:39 PM,Fleet,2008,Chevrolet,Silverado 1500,Work Truck,Pickup,Sold,1GCEC14X68Z292951,,"",$125.00,$367.00,$367.86,$870.00,"","","","","","","","","","","","","","",
548939688,PU3,11/07/2023,Primary,211494.0,mi,FALSE,,Manual,11/07/2023 11:57:11 AM,05/13/2026 01:22:30 PM,Fleet,2007,GMC,Sierra 1500,SLT,Pickup,Sold,3GTEK13M27G521148,,"","",$175.00,$515.00,"$1,218.00",13mm,"","","","","","","","","","","","","$5,300.00",05/12/2026
548939258,PU3,11/07/2023,Primary,211494.0,mi,TRUE,,Manual,11/07/2023 11:56:45 AM,05/13/2026 01:22:30 PM,Fleet,2007,GMC,Sierra 1500,SLT,Pickup,Sold,3GTEK13M27G521148,,"","",$175.00,$515.00,"$1,218.00",13mm,"","","","","","","","","","","","","$5,300.00",05/12/2026
529995238,DT1,10/25/2023,Primary,325000.0,mi,FALSE,,Service Entry #20522844,10/25/2023 09:23:09 AM,10/25/2023 09:23:09 AM,Fleet,2007,Kenworth,W900,,Dump Truck,Active,1NKWXB0X07R159782,,"",$131.00,$525.00,"$2,090.00","$5,940.00","",1792 - 9 Gal,3412 & 3674,"","","",4070,"","","","","","","",
529992635,BL5,10/25/2023,Primary,1396.0,hr,FALSE,,Service Entry #20522715,10/25/2023 09:21:28 AM,10/25/2023 09:21:28 AM,,2014,JLG,450AJ,,Articulated Boom Lift,In Shop,300194724,,"",$90.00,$495.00,"$1,520.00","$3,128.00","",1342,3943,"","","","","","","","","","","",
522120747,PU11,10/19/2023,Primary,26292.0,mi,TRUE,,Service Entry #20430494,10/19/2023 04:44:00 PM,10/19/2023 04:44:00 PM,Fleet,2021,Chevrolet,Silverado 1500,LT,Pickup,Active,1GCVYDED3MZ420998,,"","","","","","","","","","","","","","","","","","","",
552526214,EX11,10/09/2023,Primary,2045.0,hr,TRUE,exceeds_max_daily_usage,Manual,11/09/2023 02:32:42 PM,11/09/2023 02:32:42 PM,,2018,Caterpillar,320GC,,Excavator,Active,CAT320GCKKTN00183,,"","","","","","","","","","","","","","","","","","","",
548991434,PU3,10/07/2023,Primary,211000.0,mi,FALSE,,Service Entry #20875671,11/07/2023 12:49:43 PM,05/13/2026 01:22:30 PM,Fleet,2007,GMC,Sierra 1500,SLT,Pickup,Sold,3GTEK13M27G521148,,"","",$175.00,$515.00,"$1,218.00",13mm,"","","","","","","","","","","","","$5,300.00",05/12/2026
295337951,ME3 - Sold,10/01/2023,Primary,5799.0,hr,FALSE,,Manual,01/19/2023 01:01:00 PM,11/07/2024 01:51:10 PM,,2006,Bobcat,435,,Mini Excavator,Sold,563212360,,"",$92.00,$365.00,"$1,351.00","$4,043.00","",1521 - 8 Quarts,3192,6672,6671,"","",1494,"","","","","","",
481788351,BH1,09/20/2023,Primary,3949.0,hr,FALSE,,Service Entry #19828591,09/20/2023 11:26:16 AM,09/20/2023 11:26:16 AM,,2007,Caterpillar,420E,,Backhoe,Active,CAT0420ECHLS04735,,"",$92.00,$365.00,"$1,351.00","$4,043.00","",1459,3609,9108,9109,"","","","","","","","","",
480312933,PU2 - Sold,09/19/2023,Primary,192986.0,mi,FALSE,,Manual,09/19/2023 09:06:01 AM,11/07/2024 01:58:39 PM,Fleet,2008,Chevrolet,Silverado 1500,Work Truck,Pickup,Sold,1GCEC14X68Z292951,,"",$125.00,$367.00,$367.86,$870.00,"","","","","","","","","","","","","","",
480312652,RL6,09/19/2023,Primary,3200.0,hr,FALSE,,Service Entry #19805792,09/19/2023 09:05:32 AM,09/19/2023 09:05:32 AM,,2008,Caterpillar,CS56,,Roller,Active,C5S00381,,"",$131.00,$525.00,"$2,090.00","$6,270.00","",7325,"3606, 3076",9783,9782,326-1644,"",(2) 1G-8878,"","","","","","",
469812617,WL5,09/11/2023,Primary,3010.0,hr,FALSE,,Manual,09/11/2023 08:26:24 AM,09/11/2023 08:26:24 AM,,2011,Caterpillar,289C,,Wheel Loader,Active,CAT0289CVJMP01979,,"",$56.25,$225.00,$875.00,"$2,615.00","",7106,600053,6562,"","","","","","","","","","",
468766378,RL8,09/10/2023,Primary,411.0,hr,FALSE,,Service Entry #19561217,09/10/2023 07:02:27 PM,09/10/2023 07:02:27 PM,,2011,HAMM,HD12,,Roller,Active,H2001478,,"","","","","","","","","","","","","","","","","","","",
467057049,ME8,09/08/2023,Primary,635.0,hr,FALSE,,Manual,09/08/2023 01:53:26 PM,09/08/2023 01:53:26 PM,,2018,Takeuchi,TB240,,Mini Excavator,Active,124003653,,"","","","","","",1334,600369,6438,2985,"","","","","","","","","",
466894783,PU2 - Sold,09/08/2023,Primary,192533.0,mi,FALSE,,Issue #6161261,09/08/2023 07:23:41 AM,11/07/2024 01:58:39 PM,Fleet,2008,Chevrolet,Silverado 1500,Work Truck,Pickup,Sold,1GCEC14X68Z292951,,"",$125.00,$367.00,$367.86,$870.00,"","","","","","","","","","","","","","",
466893812,PU2 - Sold,09/08/2023,Primary,192533.0,mi,FALSE,,Manual,09/08/2023 07:22:37 AM,11/07/2024 01:58:39 PM,Fleet,2008,Chevrolet,Silverado 1500,Work Truck,Pickup,Sold,1GCEC14X68Z292951,,"",$125.00,$367.00,$367.86,$870.00,"","","","","","","","","","","","","","",
452491959,EX11,08/28/2023,Primary,200.0,hr,FALSE,,Service Entry #19375021,08/28/2023 10:58:42 AM,08/28/2023 10:58:42 AM,,2018,Caterpillar,320GC,,Excavator,Active,CAT320GCKKTN00183,,"","","","","","","","","","","","","","","","","","","",
520323959,ME8,08/22/2023,Primary,635.0,hr,FALSE,,Service Entry #20368531,10/18/2023 08:36:01 AM,10/18/2023 08:36:01 AM,,2018,Takeuchi,TB240,,Mini Excavator,Active,124003653,,"","","","","","",1334,600369,6438,2985,"","","","","","","","","",
444237281,EX9 - Sold,08/22/2023,Primary,6093.0,hr,FALSE,,Manual,08/22/2023 11:14:14 AM,11/07/2024 01:33:29 PM,,2008,Komatsu,PC228US-3,,Excavator,Sold,KMTPC161K02041940,,"",$187.00,$748.00,"$3,019.00","$8,738.00","",7136,"3697, 3242",6744,6782,"","","","","","","","","",
444235993,DZ3 - Sold,08/22/2023,Primary,9247.8,hr,FALSE,,Manual,08/22/2023 11:10:46 AM,11/01/2023 03:37:25 PM,,2001,John Deere,650-H LGP,,Bulldozer,Sold,T0650HX892466,,"",$350.00,"","$4,800.00","$14,400.00","",7243,"600, 091, 600, 087",2033,2034,"","","",1994,"","","","","",
444235387,RL5,08/22/2023,Primary,4037.5,hr,FALSE,,Manual,08/22/2023 11:09:42 AM,08/22/2023 11:09:42 AM,,2012,Sakai,SV510TF-III,,Roller,Active,VSV21-10204,,"",$131.00,$525.00,"$2,090.00","$6,270.00","",7182,"3732, 3682",2330,2331,"","","","","","","","","",
444222519,WL3,08/22/2023,Primary,10451.2,hr,FALSE,,Manual,08/22/2023 10:48:18 AM,08/22/2023 10:48:18 AM,,2008,John Deere,544J,,Wheel Loader,Active,DW544JZ619585,,"",$187.00,$748.00,"$3,019.00","$8,738.00","",7750S,"3248, 3977, 3978",600104,"","","","","","","","","","",
442763202,ME5,08/21/2023,Primary,3485.0,hr,FALSE,,Manual,08/21/2023 11:43:45 AM,08/21/2023 11:43:45 AM,,2018,Caterpillar,308E2 CRCB,,Mini Excavator,Active,0FJX10204,,"",$102.00,$415.00,"$1,680.00","$5,032.00","","",9462,9463 / CAT 415-2593,"","","","","","","","","","",
442501948,WL4 - Sold,08/21/2023,Primary,4750.0,hr,FALSE,,Service Entry #19236755,08/21/2023 06:55:46 AM,11/01/2023 03:33:36 PM,,2013,Volvo,L70G,,Wheel Loader,Sold,VCE0L70GV00002687,,"",$187.00,$748.00,"$3,019.00","$8,738.00","","","3690, 3683","","","","","","","","","","","",
442499837,ST4,08/21/2023,Primary,110000.0,mi,FALSE,,Service Entry #19236726,08/21/2023 06:54:34 AM,08/21/2023 06:54:34 AM,Fleet,2017,Ford,F-450 Super Duty,,Service Truck,Active,1FD0W4HT2HED69098,,"",$102.00,$415.00,"$1,680.00","$5,032.00","","","","","","","","","","","","","","",
428270294,ST5,08/10/2023,Primary,167200.0,mi,FALSE,,Service Entry #19047233,08/10/2023 08:31:06 AM,08/10/2023 08:31:06 AM,Fleet,2011,RAM,5500,,Service Truck,Active,3D6WU7CL4BG500622,,"",$102.00,$415.00,"$1,680.00","$5,032.00","",7620,"","","","","","","","","","","","",
521781697,WL1,08/02/2023,Primary,12510.0,hr,FALSE,,Service Entry #20414907,10/19/2023 07:46:50 AM,10/19/2023 07:46:50 AM,,2008,John Deere,624J,,Wheel Loader,Active,DW624JZ617237,,"",$187.00,$748.00,"$3,019.00","$8,738.00","",7750S - 6 Gal,3977 / 3978,6922,6923,"","","","","","","","","",
399326725,PU2 - Sold,07/19/2023,Primary,190115.0,mi,FALSE,,Manual,07/19/2023 11:25:38 PM,11/07/2024 01:58:39 PM,Fleet,2008,Chevrolet,Silverado 1500,Work Truck,Pickup,Sold,1GCEC14X68Z292951,,"",$125.00,$367.00,$367.86,$870.00,"","","","","","","","","","","","","","",
399329644,PU2 - Sold,07/11/2023,Primary,189812.0,mi,FALSE,,Service Entry #18691058,07/19/2023 11:30:43 PM,11/07/2024 01:58:39 PM,Fleet,2008,Chevrolet,Silverado 1500,Work Truck,Pickup,Sold,1GCEC14X68Z292951,,"",$125.00,$367.00,$367.86,$870.00,"","","","","","","","","","","","","","",
397451371,LM1 - Sold,07/07/2023,Primary,0.0,hr,FALSE,,Purchase Detail #1399904,07/18/2023 04:03:52 PM,11/07/2024 01:48:26 PM,,2023,John Deere,Z515E,,Mower,Sold,1GX515EJHPP101563,,"","","","","","","","","","","","","","","","","","","",
397403342,EX8 - Sold,06/29/2023,Primary,9875.0,hr,FALSE,,Manual,07/18/2023 01:48:31 PM,11/07/2024 01:32:50 PM,,2007,Hitachi,ZX200LC,,Excavator,Sold,FF01G6Q312330,,"",$187.00,$748.00,"$3,019.00","$8,738.00","",7259 - 6 Gal,3343,6776,6777,"","","","","","","","","",
397401552,EX7 - Sold,06/29/2023,Primary,10513.0,hr,FALSE,,Manual,07/18/2023 01:45:58 PM,11/07/2024 01:31:39 PM,,2006,John Deere,135C RTS,,Excavator,Sold,FF135CX300780,,"","",$530.00,"$2,121.00","$6,340.00","",7259 - 4 Gal,3386,6562,6569,"","","","","","","","","",
397436979,PU3,06/28/2023,Primary,208234.0,mi,FALSE,,Service Entry #18669612,07/18/2023 03:18:11 PM,05/13/2026 01:22:30 PM,Fleet,2007,GMC,Sierra 1500,SLT,Pickup,Sold,3GTEK13M27G521148,,"","",$175.00,$515.00,"$1,218.00",13mm,"","","","","","","","","","","","","$5,300.00",05/12/2026
397435466,PU2 - Sold,06/28/2023,Primary,189463.0,mi,FALSE,,Service Entry #18669582,07/18/2023 03:14:59 PM,11/07/2024 01:58:39 PM,Fleet,2008,Chevrolet,Silverado 1500,Work Truck,Pickup,Sold,1GCEC14X68Z292951,,"",$125.00,$367.00,$367.86,$870.00,"","","","","","","","","","","","","","",
376275278,PU11,06/23/2023,Primary,19312.0,mi,TRUE,exceeds_max_daily_usage,Service Entry #18355422,06/28/2023 06:33:33 AM,06/28/2023 06:33:33 AM,Fleet,2021,Chevrolet,Silverado 1500,LT,Pickup,Active,1GCVYDED3MZ420998,,"","","","","","","","","","","","","","","","","","","",
373763570,ME5,06/16/2023,Primary,3342.0,hr,FALSE,,Service Entry #18294213,06/23/2023 01:19:16 PM,06/23/2023 01:19:16 PM,,2018,Caterpillar,308E2 CRCB,,Mini Excavator,Active,0FJX10204,,"",$102.00,$415.00,"$1,680.00","$5,032.00","","",9462,9463 / CAT 415-2593,"","","","","","","","","","",
373765550,EX10 - Sold,06/14/2023,Primary,9656.0,hr,FALSE,,Service Entry #18294563,06/23/2023 01:25:30 PM,09/09/2025 10:49:03 AM,,2011,Caterpillar,345DL,,Excavator,Sold,CAT0345DEEEH01123,,"",$313.00,"$1,250.00","$5,000.00","$15,000.00","",CAT 1R-1808,CAT 1R-0755 / 3607 / 3685,CAT 142-1340,CAT 142-1403,"","","","","","","","","",
373764465,ME7,06/13/2023,Primary,2160.0,hr,FALSE,,Service Entry #18294378,06/23/2023 01:22:08 PM,06/23/2023 01:22:08 PM,,2018,Caterpillar,305E2 CRCB,,Mini Excavator,Active,0H5M07082,,"",$102.00,$415.00,"$1,680.00","$5,032.00","","",600586 / CAT 363-5819 Incline,9462,9463 / CAT 415-2593,"","","","","","","","","",
373766479,RL5,06/08/2023,Primary,4028.0,hr,FALSE,,Service Entry #18294603,06/23/2023 01:26:17 PM,06/23/2023 01:26:17 PM,,2012,Sakai,SV510TF-III,,Roller,Active,VSV21-10204,,"",$131.00,$525.00,"$2,090.00","$6,270.00","",7182,"3732, 3682",2330,2331,"","","","","","","","","",
342812109,FT1 - Sold,04/27/2023,Primary,221568.0,mi,FALSE,,Manual,05/03/2023 11:38:26 AM,11/07/2024 01:38:00 PM,,1998,Chevrolet,Z-71,K1500 Silverado,Pickup,Sold,2GCEK19R4W1247963,,"","",$100.00,$400.00,"$1,200.00","",1036 - 5 Quarts,"","","","","","","","","","","","",
342810133,ST3 - Sold,04/27/2023,Primary,405063.0,mi,FALSE,,Manual,05/03/2023 11:32:45 AM,11/07/2024 02:09:22 PM,Fleet,2003,Chevrolet,Kodiak C4500,,Service Truck,Sold,1GBC4E1153F512204,,"",$95.00,$395.00,"$1,390.00","$3,910.00","",7202,"","","","","","","","","","","","",
336895527,FL6,04/19/2023,Primary,4024.0,hr,FALSE,,Service Entry #17290724,04/21/2023 03:08:30 PM,04/21/2023 03:08:30 PM,,2010,Skytrak,10054,,Forklift,Active,160039212,,"",$96.00,$550.00,"$1,536.00","$5,376.00","",7182,"3732, 3682","","","","","","","","","","","",
336894052,EX6 - Sold,04/17/2023,Primary,12653.0,hr,FALSE,,Service Entry #17290685,04/21/2023 03:04:30 PM,11/01/2023 03:39:04 PM,,2004,Hitachi,ZX330LC,,Excavator,Sold,HCM1HH00V00032886,,"",$274.00,"$1,095.00","$4,417.00","$12,784.00","",7259,3352,2803,2804,"","",FYA00016055,"","","","","","",
336894786,WL3,04/14/2023,Primary,10165.0,hr,FALSE,,Service Entry #17290691,04/21/2023 03:05:27 PM,04/21/2023 03:05:27 PM,,2008,John Deere,544J,,Wheel Loader,Active,DW544JZ619585,,"",$187.00,$748.00,"$3,019.00","$8,738.00","",7750S,"3248, 3977, 3978",600104,"","","","","","","","","","",
342807701,BL1 - Sold,04/13/2023,Primary,3858.0,hr,FALSE,,Manual,05/03/2023 11:25:03 AM,11/07/2024 01:30:04 PM,,2008,JLG,600AJ,,Boom Lift,Sold,030012964,,"",$110.00,$550.00,"$1,650.00","$4,200.00","",1069 - 4.5 Quart,"",2134,"","","","","",7610C592,"","","","",
336895244,ME6 - Sold,04/13/2023,Primary,3672.0,hr,FALSE,,Service Entry #17290698,04/21/2023 03:06:04 PM,11/07/2024 01:52:20 PM,,2018,Caterpillar,304E2 CRCB,,Mini Excavator,Sold,0ME404105,,"",$92.00,$365.00,"$1,351.00","$4,043.00","",7730,600586 / CAT 363-5819 Incline,9462,9463 / CAT 415-2593,"","",CAT 421-5481,"",CAT 389-1590,"","","","",
331263029,RL6,04/10/2023,Primary,2976.0,hr,FALSE,,Service Entry #17158589,04/11/2023 08:54:29 AM,04/11/2023 08:54:29 AM,,2008,Caterpillar,CS56,,Roller,Active,C5S00381,,"",$131.00,$525.00,"$2,090.00","$6,270.00","",7325,"3606, 3076",9783,9782,326-1644,"",(2) 1G-8878,"","","","","","",
329372237,WL5,04/06/2023,Primary,2955.0,hr,FALSE,,Service Entry #17091407,04/07/2023 10:25:15 AM,04/07/2023 10:25:15 AM,,2011,Caterpillar,289C,,Wheel Loader,Active,CAT0289CVJMP01979,,"",$56.25,$225.00,$875.00,"$2,615.00","",7106,600053,6562,"","","","","","","","","","",
329372040,SW2,04/05/2023,Primary,870.0,hr,FALSE,,Service Entry #17091396,04/07/2023 10:24:36 AM,04/07/2023 10:24:36 AM,,2000,Laymore,8HC,,Sweeper,Active,27499-004,,"",$50.00,$200.00,$800.00,"$2,400.00","","",3390,"","","","","","","","","","","",
329371925,FL3 - Sold,04/04/2023,Primary,6593.0,hr,FALSE,,Service Entry #17091388,04/07/2023 10:23:35 AM,09/09/2025 10:49:04 AM,,1998,JCB,506B,,Forklift,Sold,SLP506BOTEO576988,,"",$137.50,$550.00,"$1,200.00","$4,200.00","",1459,"","","",3472,"","","","","","","","",
312949174,WT1,03/08/2023,Secondary,5522.0,hr,FALSE,,Manual,03/08/2023 12:58:35 PM,03/08/2023 12:58:35 PM,Fleet,2001,International,4700,,Water Truck,Active,1HTSCABN81H343644,,"",$101.00,$402.00,"$1,486.00","$4,447.00","",1734,3817,"","","","","","","","","","","",
312949173,WT1,03/08/2023,Primary,18192.0,mi,FALSE,,Manual,03/08/2023 12:58:35 PM,03/08/2023 12:58:35 PM,Fleet,2001,International,4700,,Water Truck,Active,1HTSCABN81H343644,,"",$101.00,$402.00,"$1,486.00","$4,447.00","",1734,3817,"","","","","","","","","","","",
312949172,WL5,03/08/2023,Primary,2859.0,hr,FALSE,,Manual,03/08/2023 12:58:35 PM,03/08/2023 12:58:35 PM,,2011,Caterpillar,289C,,Wheel Loader,Active,CAT0289CVJMP01979,,"",$56.25,$225.00,$875.00,"$2,615.00","",7106,600053,6562,"","","","","","","","","","",
312949171,WL4 - Sold,03/08/2023,Primary,4226.0,hr,FALSE,,Manual,03/08/2023 12:58:35 PM,11/01/2023 03:33:36 PM,,2013,Volvo,L70G,,Wheel Loader,Sold,VCE0L70GV00002687,,"",$187.00,$748.00,"$3,019.00","$8,738.00","","","3690, 3683","","","","","","","","","","","",
312949170,WL3,03/08/2023,Primary,9923.0,hr,FALSE,,Manual,03/08/2023 12:58:35 PM,03/08/2023 12:58:35 PM,,2008,John Deere,544J,,Wheel Loader,Active,DW544JZ619585,,"",$187.00,$748.00,"$3,019.00","$8,738.00","",7750S,"3248, 3977, 3978",600104,"","","","","","","","","","",
312949169,WL2,03/08/2023,Primary,2407.0,hr,FALSE,,Manual,03/08/2023 12:58:35 PM,03/08/2023 12:58:35 PM,,2003,Bobcat,S175,,Wheel Loader,Active,517628573,,"",$56.25,$225.00,$875.00,"$2,615.00","",1521,3192,"","","","","","",Bobcat #6732416,"","","","",
312949168,WL1,03/08/2023,Primary,12505.0,hr,FALSE,,Manual,03/08/2023 12:58:35 PM,03/08/2023 12:58:35 PM,,2008,John Deere,624J,,Wheel Loader,Active,DW624JZ617237,,"",$187.00,$748.00,"$3,019.00","$8,738.00","",7750S - 6 Gal,3977 / 3978,6922,6923,"","","","","","","","","",
312949167,VT2 - Sold,03/08/2023,Primary,48773.0,mi,FALSE,,Manual,03/08/2023 12:58:35 PM,09/09/2025 10:49:04 AM,Fleet,2000,International,2654,,Vactor Truck,Sold,1HTGHADT8YH338022,,"",$200.00,"$1,000.00","$3,000.00","$9,000.00","","",2547,"","","","","","","","","","","",
312949166,VT1 - Sold,03/08/2023,Primary,79158.0,mi,FALSE,,Manual,03/08/2023 12:58:35 PM,11/01/2023 03:38:08 PM,,2002,Peterbilt,320,,Vactor Truck,Sold,1NPZLT0X52D713641,,"",$200.00,"$1,000.00","$3,000.00","$9,000.00","",1792XE,"3406, 3674",2546,2547,"","","","","","","","","",
312949165,SW3,03/08/2023,Primary,428.0,hr,FALSE,,Manual,03/08/2023 12:58:34 PM,05/13/2026 01:25:11 PM,,2004,Laymore,8HC,,Sweeper,Sold,30282,,"",$50.00,$200.00,$800.00,"$2,400.00","","","","","","","","","","","","","",3600.00,05/12/2026
312949163,SW2,03/08/2023,Primary,870.0,hr,FALSE,,Manual,03/08/2023 12:58:34 PM,03/08/2023 12:58:34 PM,,2000,Laymore,8HC,,Sweeper,Active,27499-004,,"",$50.00,$200.00,$800.00,"$2,400.00","","",3390,"","","","","","","","","","","",
312949162,ST5,03/08/2023,Primary,140121.0,mi,FALSE,,Manual,03/08/2023 12:58:34 PM,03/08/2023 12:58:34 PM,Fleet,2011,RAM,5500,,Service Truck,Active,3D6WU7CL4BG500622,,"",$102.00,$415.00,"$1,680.00","$5,032.00","",7620,"","","","","","","","","","","","",
312949161,ST4,03/08/2023,Primary,108262.0,mi,FALSE,,Manual,03/08/2023 12:58:34 PM,03/08/2023 12:58:34 PM,Fleet,2017,Ford,F-450 Super Duty,,Service Truck,Active,1FD0W4HT2HED69098,,"",$102.00,$415.00,"$1,680.00","$5,032.00","","","","","","","","","","","","","","",
312949160,ST3 - Sold,03/08/2023,Primary,401528.0,mi,FALSE,,Manual,03/08/2023 12:58:34 PM,11/07/2024 02:09:22 PM,Fleet,2003,Chevrolet,Kodiak C4500,,Service Truck,Sold,1GBC4E1153F512204,,"",$95.00,$395.00,"$1,390.00","$3,910.00","",7202,"","","","","","","","","","","","",
312949159,ST1 - Sold,03/08/2023,Primary,218047.0,mi,FALSE,,Manual,03/08/2023 12:58:34 PM,09/09/2025 11:01:58 AM,Fleet,2007,GMC,TopKick C4500,,Service Truck,Sold,1GDE4C1277F408235,,"",$102.00,$415.00,"$1,680.00","$5,032.00","",7202,3960,"","","","","","","","","","","",
312949156,SL9,03/08/2023,Primary,2863.0,hr,FALSE,,Manual,03/08/2023 12:58:34 PM,03/08/2023 12:58:34 PM,,2007,Skyjack,SJ6826RT,Off Road 4x4,Scissor Lift,Active,,,"",$64.00,$358.00,$776.00,"$2,068.00","","","","","","","","","","","","","","",
312949155,SL8,03/08/2023,Primary,2686.8,hr,FALSE,,Manual,03/08/2023 12:58:33 PM,03/08/2023 12:58:33 PM,,2006,Skyjack,SJ7135RT,Off Road 4x4,Scissor Lift,Active,343169,,"",$64.00,$358.00,$776.00,"$2,068.00","","","","","","","","","","","","","","",
312949153,SL7,03/08/2023,Primary,2730.0,hr,FALSE,,Manual,03/08/2023 12:58:33 PM,03/08/2023 12:58:33 PM,,2002,Genie,GS3268RT,Off Road 4x4,Scissor Lift,Active,40123,,"",$64.00,$358.00,$776.00,"$2,068.00","",7141,3012,6270,"","","","","","","","","","",
312949152,SL6,03/08/2023,Primary,179.0,hr,FALSE,,Manual,03/08/2023 12:58:33 PM,03/08/2023 12:58:33 PM,,2013,Genie,GS3232,,Scissor Lift,Waiting on Parts,GS3213A117543,,"",$42.00,$225.00,$428.00,"$1,114.00","","","","","","","","","","","","","","",
312949151,SL5,03/08/2023,Primary,109.0,hr,FALSE,,Manual,03/08/2023 12:58:33 PM,03/08/2023 12:58:33 PM,,2013,Skyjack,SJIII 3219,,Scissor Lift,Active,22047819,,"",$42.00,$225.00,$388.00,"$1,034.00","","","","","","","","","","","","","","",
312949150,SL3 - Sold,03/08/2023,Primary,273.0,hr,FALSE,,Manual,03/08/2023 12:58:33 PM,11/07/2024 02:11:22 PM,,2005,JLG,1930ES,,Scissor Lift,Sold,200136936,,"",$48.50,$194.00,$388.00,"$1,034.00","","","","","","","","","","","","","","",
312949147,SL2,03/08/2023,Primary,399.4,hr,FALSE,,Manual,03/08/2023 12:58:33 PM,03/08/2023 12:58:33 PM,,2005,JLG,1930ES,,Scissor Lift,Active,200143219,,"",$48.50,$194.00,$388.00,"$1,034.00","","","","","","","","","","","","","","",
312949145,SL1 - Sold,03/08/2023,Primary,356.0,hr,FALSE,,Manual,03/08/2023 12:58:33 PM,11/07/2024 02:10:55 PM,,2005,JLG,1930ES,,Scissor Lift,Sold,200134238,,"",$48.50,$194.00,$388.00,"$1,034.00","","","","","","","","","","","","","","",
312949144,RL8,03/08/2023,Primary,319.0,hr,FALSE,,Manual,03/08/2023 12:58:32 PM,03/08/2023 12:58:32 PM,,2011,HAMM,HD12,,Roller,Active,H2001478,,"","","","","","","","","","","","","","","","","","","",
312949143,RL7 - Sold,03/08/2023,Primary,377.0,hr,FALSE,,Manual,03/08/2023 12:58:32 PM,11/07/2024 02:32:24 PM,,2012,Multiquip,AR-13HA,,Roller,Sold,121009,,"",$56.25,$225.00,$875.00,"$2,615.00","",1551,7356,"","","","","","","","","","","",
312949142,RL6,03/08/2023,Primary,2953.8,hr,FALSE,,Manual,03/08/2023 12:58:32 PM,03/08/2023 12:58:32 PM,,2008,Caterpillar,CS56,,Roller,Active,C5S00381,,"",$131.00,$525.00,"$2,090.00","$6,270.00","",7325,"3606, 3076",9783,9782,326-1644,"",(2) 1G-8878,"","","","","","",
312949141,RL5,03/08/2023,Primary,3947.0,hr,FALSE,,Manual,03/08/2023 12:58:32 PM,03/08/2023 12:58:32 PM,,2012,Sakai,SV510TF-III,,Roller,Active,VSV21-10204,,"",$131.00,$525.00,"$2,090.00","$6,270.00","",7182,"3732, 3682",2330,2331,"","","","","","","","","",
312949140,RL4,03/08/2023,Primary,786.0,hr,FALSE,,Manual,03/08/2023 12:58:32 PM,03/08/2023 12:58:32 PM,,1999,Beuthling,B350,,Roller,Ready for Auction,135,,"",$56.25,$225.00,$875.00,"$2,615.00","",1064,3390,"","","","","","","","","","","",
312949139,RL3,03/08/2023,Primary,15.0,hr,FALSE,,Manual,03/08/2023 12:58:32 PM,03/08/2023 12:58:32 PM,,2007,Multiquip,MRH800DS,,Roller,Active,P4448,,"",$39.00,$155.00,$605.00,"$1,800.00","","","","","","","","","","","","","","",
312949138,PU9,03/08/2023,Primary,95000.0,mi,FALSE,,Manual,03/08/2023 12:58:32 PM,03/08/2023 12:58:32 PM,Fleet,2016,GMC,Sierra 2500,SLT,Pickup,Active,1GT12TE80GF236217,,"","","","","","","","","","","","","","","","","","","",
312949137,PU8,03/08/2023,Primary,80490.0,mi,FALSE,,Manual,03/08/2023 12:58:31 PM,03/08/2023 12:58:31 PM,Fleet,2016,Ford,Transit Van,T350 XLT,Pickup,Active,1FBZX2ZM4GKA57261,,"","",$150.00,$441.00,"$1,044.00","","","","","","","","","","","","","","",
312949136,PU7,03/08/2023,Primary,40000.0,mi,FALSE,,Manual,03/08/2023 12:58:31 PM,03/08/2023 12:58:31 PM,Fleet,2017,Chevrolet,Silverado,LT Z71,Pickup,Active,3GCUKREC8HG102169,,"","",$175.00,$515.00,"$1,218.00",15mm,"","","","","","","","","","","","","",
312949135,PU6 - Sold,03/08/2023,Primary,9501.0,mi,FALSE,,Manual,03/08/2023 12:58:31 PM,09/09/2025 10:49:03 AM,Fleet,2014,Ford,F150,XL,Pickup,Sold,1FTNF1CFXEKD16575,,"","",$150.00,$441.43,"$1,044.00","","","","","","","","","","","","","","",
312949133,PU5,03/08/2023,Primary,195744.0,mi,FALSE,,Manual,03/08/2023 12:58:31 PM,03/08/2023 12:58:31 PM,Fleet,1998,Chevrolet,Z-71,K1500 Silverado,Pickup,Active,1GCEK19R5WR152125,,"","",$100.00,$294.29,$696.00,"",1036,"","","","","","","","","","","","",
312949130,PU4 - Sold,03/08/2023,Primary,224292.0,mi,FALSE,,Manual,03/08/2023 12:58:31 PM,11/07/2024 01:53:53 PM,,2007,Toyota,Tundra,Limited,Pickup,Sold,5TBDV58137S486008,,"","",$175.00,$515.00,"$1,218.00","","","","","","","","","","","","","","",
312949129,PU3,03/08/2023,Primary,182000.0,mi,FALSE,,Manual,03/08/2023 12:58:31 PM,05/13/2026 01:22:30 PM,Fleet,2007,GMC,Sierra 1500,SLT,Pickup,Sold,3GTEK13M27G521148,,"","",$175.00,$515.00,"$1,218.00",13mm,"","","","","","","","","","","","","$5,300.00",05/12/2026
312949128,PU2 - Sold,03/08/2023,Primary,184702.0,mi,FALSE,,Manual,03/08/2023 12:58:31 PM,11/07/2024 01:58:39 PM,Fleet,2008,Chevrolet,Silverado 1500,Work Truck,Pickup,Sold,1GCEC14X68Z292951,,"",$125.00,$367.00,$367.86,$870.00,"","","","","","","","","","","","","","",
312949126,PU11,03/08/2023,Primary,12476.0,mi,FALSE,,Manual,03/08/2023 12:58:30 PM,03/08/2023 12:58:30 PM,Fleet,2021,Chevrolet,Silverado 1500,LT,Pickup,Active,1GCVYDED3MZ420998,,"","","","","","","","","","","","","","","","","","","",
312949125,MG1,03/08/2023,Primary,3900.0,hr,FALSE,,Manual,03/08/2023 12:58:30 PM,05/13/2026 01:25:09 PM,,1982,John Deere,570A,,Motor Grader,Sold,34621,,"",$188.00,$750.00,"$3,000.00","$9,000.00","",1243,"3118, 3370","","","","","","","","","","","$17,500",05/12/2026
312949124,ME7,03/08/2023,Primary,1822.2,hr,FALSE,,Manual,03/08/2023 12:58:30 PM,03/08/2023 12:58:30 PM,,2018,Caterpillar,305E2 CRCB,,Mini Excavator,Active,0H5M07082,,"",$102.00,$415.00,"$1,680.00","$5,032.00","","",600586 / CAT 363-5819 Incline,9462,9463 / CAT 415-2593,"","","","","","","","","",
312949122,ME6 - Sold,03/08/2023,Primary,3417.0,hr,FALSE,,Manual,03/08/2023 12:58:30 PM,11/07/2024 01:52:20 PM,,2018,Caterpillar,304E2 CRCB,,Mini Excavator,Sold,0ME404105,,"",$92.00,$365.00,"$1,351.00","$4,043.00","",7730,600586 / CAT 363-5819 Incline,9462,9463 / CAT 415-2593,"","",CAT 421-5481,"",CAT 389-1590,"","","","",
312949120,ME5,03/08/2023,Primary,2868.5,hr,FALSE,,Manual,03/08/2023 12:58:30 PM,03/08/2023 12:58:30 PM,,2018,Caterpillar,308E2 CRCB,,Mini Excavator,Active,0FJX10204,,"",$102.00,$415.00,"$1,680.00","$5,032.00","","",9462,9463 / CAT 415-2593,"","","","","","","","","","",
312949118,ME3 - Sold,03/08/2023,Primary,5799.0,hr,FALSE,,Manual,03/08/2023 12:58:30 PM,11/07/2024 01:51:10 PM,,2006,Bobcat,435,,Mini Excavator,Sold,563212360,,"",$92.00,$365.00,"$1,351.00","$4,043.00","",1521 - 8 Quarts,3192,6672,6671,"","",1494,"","","","","","",
312949117,JR1 - Sold,03/08/2023,Primary,119407.0,mi,FALSE,,Manual,03/08/2023 12:58:30 PM,11/07/2024 01:37:28 PM,,2006,International,WorkStar 7400,,Jetter Truck,Sold,1HTWCAZR06J239076,,"","","","","","","","","","","","","","","","","","","",
312949115,FT1 - Sold,03/08/2023,Primary,221536.0,mi,FALSE,,Manual,03/08/2023 12:58:30 PM,11/07/2024 01:38:00 PM,,1998,Chevrolet,Z-71,K1500 Silverado,Pickup,Sold,2GCEK19R4W1247963,,"","",$100.00,$400.00,"$1,200.00","",1036 - 5 Quarts,"","","","","","","","","","","","",
312949113,FL6,03/08/2023,Primary,4013.0,hr,FALSE,,Manual,03/08/2023 12:58:29 PM,03/08/2023 12:58:29 PM,,2010,Skytrak,10054,,Forklift,Active,160039212,,"",$96.00,$550.00,"$1,536.00","$5,376.00","",7182,"3732, 3682","","","","","","","","","","","",
312949112,FL5,03/08/2023,Primary,6431.8,hr,FALSE,,Manual,03/08/2023 12:58:29 PM,03/08/2023 12:58:29 PM,,2013,JLG,G12-55A,,Forklift,Active,160048663,,"",$96.00,$550.00,"$1,536.00","$5,376.00","",7182,Fleetguard FF 63009,AF55021,AF55312,"","","","","","","","","",
312949111,FL4,03/08/2023,Primary,6516.0,hr,FALSE,,Manual,03/08/2023 12:58:29 PM,03/08/2023 12:58:29 PM,,2008,Skytrack,10042,,Forklift,Active,160036322,,"",$137.50,$550.00,"$1,408.00","$4,928.00","",7182,"3397, 3732",2330,2816,"","",PT9342,BT8415,"","","","","",
312949110,FL3 - Sold,03/08/2023,Primary,6586.4,hr,FALSE,,Manual,03/08/2023 12:58:29 PM,09/09/2025 10:49:04 AM,,1998,JCB,506B,,Forklift,Sold,SLP506BOTEO576988,,"",$137.50,$550.00,"$1,200.00","$4,200.00","",1459,"","","",3472,"","","","","","","","",
312949109,FL2 - Sold,03/08/2023,Primary,7721.0,hr,FALSE,,Manual,03/08/2023 12:58:29 PM,11/07/2024 01:34:53 PM,,2000,Skytrack,10042,,Forklift,Sold,13098,,"",$137.50,$550.00,"$1,408.00","$4,928.00","",1607,"3472, INLINE 3/8 3033",2321,6522,"","","","","","","","","",
312949108,FL1,03/08/2023,Primary,4481.0,hr,FALSE,,Manual,03/08/2023 12:58:29 PM,09/06/2024 01:18:03 PM,,2012,JLG,G9-43A,,Forklift,Sold,160043134,,"",$137.50,$550.00,"$1,408.00","$4,928.00","",3378,7201,10176,"",600243,"","","","","","","","",
312949107,EX9 - Sold,03/08/2023,Primary,5611.0,hr,FALSE,,Manual,03/08/2023 12:58:29 PM,11/07/2024 01:33:29 PM,,2008,Komatsu,PC228US-3,,Excavator,Sold,KMTPC161K02041940,,"",$187.00,$748.00,"$3,019.00","$8,738.00","",7136,"3697, 3242",6744,6782,"","","","","","","","","",
312949106,EX8 - Sold,03/08/2023,Primary,9827.0,hr,FALSE,,Manual,03/08/2023 12:58:28 PM,11/07/2024 01:32:50 PM,,2007,Hitachi,ZX200LC,,Excavator,Sold,FF01G6Q312330,,"",$187.00,$748.00,"$3,019.00","$8,738.00","",7259 - 6 Gal,3343,6776,6777,"","","","","","","","","",
312949105,EX7 - Sold,03/08/2023,Primary,10509.0,hr,FALSE,,Manual,03/08/2023 12:58:28 PM,11/07/2024 01:31:39 PM,,2006,John Deere,135C RTS,,Excavator,Sold,FF135CX300780,,"","",$530.00,"$2,121.00","$6,340.00","",7259 - 4 Gal,3386,6562,6569,"","","","","","","","","",
312949104,EX6 - Sold,03/08/2023,Primary,12456.0,hr,FALSE,,Manual,03/08/2023 12:58:28 PM,11/01/2023 03:39:04 PM,,2004,Hitachi,ZX330LC,,Excavator,Sold,HCM1HH00V00032886,,"",$274.00,"$1,095.00","$4,417.00","$12,784.00","",7259,3352,2803,2804,"","",FYA00016055,"","","","","","",
312949101,EX10 - Sold,03/08/2023,Primary,9510.4,hr,FALSE,,Manual,03/08/2023 12:58:28 PM,09/09/2025 10:49:03 AM,,2011,Caterpillar,345DL,,Excavator,Sold,CAT0345DEEEH01123,,"",$313.00,"$1,250.00","$5,000.00","$15,000.00","",CAT 1R-1808,CAT 1R-0755 / 3607 / 3685,CAT 142-1340,CAT 142-1403,"","","","","","","","","",
312949100,DZ4,03/08/2023,Primary,3700.0,hr,FALSE,,Manual,03/08/2023 12:58:28 PM,03/08/2023 12:58:28 PM,,2015,Caterpillar,D6K2 XLT,,Bulldozer,Active,WMR00849,,"","","","","","","","","","","","","","","","","","","",
312949098,DZ3 - Sold,03/08/2023,Primary,8990.0,hr,FALSE,,Manual,03/08/2023 12:58:28 PM,11/01/2023 03:37:25 PM,,2001,John Deere,650-H LGP,,Bulldozer,Sold,T0650HX892466,,"",$350.00,"","$4,800.00","$14,400.00","",7243,"600, 091, 600, 087",2033,2034,"","","",1994,"","","","","",
312949097,DZ2 - Sold,03/08/2023,Primary,8998.7,hr,FALSE,,Manual,03/08/2023 12:58:28 PM,11/07/2024 01:30:44 PM,,2004,Caterpillar,D4GXL,,Bulldozer,Sold,CAT00D4GCHYD00907,,"",$143.75,$575.00,"$1,900.00","$5,940.00","",1261,3609,"","","","","","","","","","","",
312949095,DT3 - Sold,03/08/2023,Primary,14892.0,mi,FALSE,,Manual,03/08/2023 12:58:27 PM,11/01/2023 03:35:24 PM,,1991,Kenworth,T800,,Dump Truck,Sold,1NKDLB9X9MS562587,,"",$124.00,$497.00,"$1,980.00","$5,940.00","",1792 - 9 Gal,"3384, 3352",6883,"","","","","","","",16005,"","",
312949094,DT2,03/08/2023,Primary,491525.0,mi,FALSE,,Manual,03/08/2023 12:58:27 PM,03/08/2023 12:58:27 PM,Fleet,2006,Kenworth,T800,,Dump Truck,Active,1NKDXB0X76R138191,,"",$124.00,$497.00,"$1,980.00","$6,270.00","","","","","","","","","","","","","","",
312949093,DT1,03/08/2023,Primary,301508.0,mi,FALSE,,Manual,03/08/2023 12:58:27 PM,03/08/2023 12:58:27 PM,Fleet,2007,Kenworth,W900,,Dump Truck,Active,1NKWXB0X07R159782,,"",$131.00,$525.00,"$2,090.00","$5,940.00","",1792 - 9 Gal,3412 & 3674,"","","",4070,"","","","","","","",
312949092,CR1,03/08/2023,Primary,7069.0,hr,FALSE,,Manual,03/08/2023 12:58:27 PM,03/08/2023 12:58:27 PM,,2003,Grove,RT600E,,Crane,Active,223293,,"",$248.00,$994.00,"$4,954.00","$11,880.00","",7620,3682,"","","","","","","","","","","",
312949089,BL6,03/08/2023,Primary,1086.5,hr,FALSE,,Manual,03/08/2023 12:58:27 PM,03/08/2023 12:58:27 PM,,2014,JLG,450AJ,,Articulated Boom Lift,Active,300194729,,"",$90.00,$495.00,"$1,520.00","$3,128.00","",1342,3943,"","","","","","","","","","","",
312949085,BL5,03/08/2023,Primary,1378.0,hr,FALSE,,Manual,03/08/2023 12:58:27 PM,03/08/2023 12:58:27 PM,,2014,JLG,450AJ,,Articulated Boom Lift,In Shop,300194724,,"",$90.00,$495.00,"$1,520.00","$3,128.00","",1342,3943,"","","","","","","","","","","",
312949083,BL4,03/08/2023,Primary,2668.0,hr,FALSE,,Manual,03/08/2023 12:58:27 PM,03/08/2023 12:58:27 PM,,2007,Genie,Z60/34,,Articulated Boom Lift,Active,Z60077718,,"",$110.00,$550.00,"$1,650.00","$4,200.00","",7085,3472,"","","","","","","","","","","",
312949082,BL3,03/08/2023,Primary,5549.0,hr,FALSE,,Manual,03/08/2023 12:58:27 PM,03/08/2023 12:58:27 PM,,2003,JLG,400S,,Boom Lift,Out of Service,300073534,,"",$90.00,$495.00,"$1,520.00","$3,128.00","",1516,"","","","","","","","","","","","",
312949081,BL2,03/08/2023,Primary,3068.0,hr,FALSE,,Manual,03/08/2023 12:58:26 PM,03/08/2023 12:58:26 PM,,2007,JLG,400S,,Boom Lift,Active,300108849,,"",$90.00,$495.00,"$1,520.00","$3,128.00","",1516,5833,2134,"","","","","","","","","","",
312949079,BL1 - Sold,03/08/2023,Primary,3848.0,hr,FALSE,,Manual,03/08/2023 12:58:26 PM,11/07/2024 01:30:04 PM,,2008,JLG,600AJ,,Boom Lift,Sold,030012964,,"",$110.00,$550.00,"$1,650.00","$4,200.00","",1069 - 4.5 Quart,"",2134,"","","","","",7610C592,"","","","",
312949078,BH4,03/08/2023,Primary,4912.0,hr,FALSE,,Manual,03/08/2023 12:58:26 PM,03/08/2023 12:58:26 PM,,2006,John Deere,310SG,,Backhoe,Active,TO310SG960924,,"",$77.50,$310.00,"$1,220.00","$3,660.00","",7750S - 3.25 Gal,3668,6562,6569,"","",7624,7201,"","","","","",
312949077,BH1,03/08/2023,Primary,3812.8,hr,FALSE,,Manual,03/08/2023 12:58:26 PM,03/08/2023 12:58:26 PM,,2007,Caterpillar,420E,,Backhoe,Active,CAT0420ECHLS04735,,"",$92.00,$365.00,"$1,351.00","$4,043.00","",1459,3609,9108,9109,"","","","","","","","","",
312949076,AD1 - SOLD,03/08/2023,Primary,11120.0,mi,FALSE,,Manual,03/08/2023 12:58:26 PM,02/19/2025 01:49:34 PM,,2005,Volvo,A30D,,Articulated Dump Truck,Sold,A30DV73296,,"",$250.00,"$1,000.00","$4,000.00","$12,000.00","","(2) 1791, (1) 1660 - 10 Gal",3721 & 3782,6770,6771,"",4196,"","","","","","","",
310747612,ST4,02/28/2023,Primary,108262.0,mi,FALSE,,Service Entry #16370772,03/02/2023 11:59:31 AM,03/08/2023 12:56:13 PM,Fleet,2017,Ford,F-450 Super Duty,,Service Truck,Active,1FD0W4HT2HED69098,,"",$102.00,$415.00,"$1,680.00","$5,032.00","","","","","","","","","","","","","","",
310747282,PU2 - Sold,02/27/2023,Primary,184702.0,mi,FALSE,,Service Entry #16370754,03/02/2023 11:57:59 AM,11/07/2024 01:58:39 PM,Fleet,2008,Chevrolet,Silverado 1500,Work Truck,Pickup,Sold,1GCEC14X68Z292951,,"",$125.00,$367.00,$367.86,$870.00,"","","","","","","","","","","","","","",
305940348,PU4 - Sold,02/17/2023,Primary,224292.0,mi,FALSE,,Manual,02/17/2023 03:37:43 PM,11/07/2024 01:53:53 PM,,2007,Toyota,Tundra,Limited,Pickup,Sold,5TBDV58137S486008,,"","",$175.00,$515.00,"$1,218.00","","","","","","","","","","","","","","",
305940626,PU4 - Sold,02/15/2023,Primary,224292.0,mi,FALSE,,Service Entry #16159051,02/17/2023 03:39:17 PM,11/07/2024 01:53:53 PM,,2007,Toyota,Tundra,Limited,Pickup,Sold,5TBDV58137S486008,,"","",$175.00,$515.00,"$1,218.00","","","","","","","","","","","","","","",
299279002,WT1,01/30/2023,Primary,18192.0,mi,FALSE,,Issue #4647263,01/30/2023 12:14:00 PM,03/08/2023 12:56:14 PM,Fleet,2001,International,4700,,Water Truck,Active,1HTSCABN81H343644,,"",$101.00,$402.00,"$1,486.00","$4,447.00","",1734,3817,"","","","","","","","","","","",
302240367,WL3,01/27/2023,Primary,9923.0,hr,FALSE,,Manual,02/07/2023 01:46:50 PM,03/08/2023 12:56:13 PM,,2008,John Deere,544J,,Wheel Loader,Active,DW544JZ619585,,"",$187.00,$748.00,"$3,019.00","$8,738.00","",7750S,"3248, 3977, 3978",600104,"","","","","","","","","","",
302240293,ST1 - Sold,01/27/2023,Primary,218047.0,mi,FALSE,,Manual,02/07/2023 01:46:15 PM,09/09/2025 11:01:58 AM,Fleet,2007,GMC,TopKick C4500,,Service Truck,Sold,1GDE4C1277F408235,,"",$102.00,$415.00,"$1,680.00","$5,032.00","",7202,3960,"","","","","","","","","","","",
302240216,RL5,01/27/2023,Primary,3947.0,hr,FALSE,,Manual,02/07/2023 01:45:51 PM,03/08/2023 12:56:15 PM,,2012,Sakai,SV510TF-III,,Roller,Active,VSV21-10204,,"",$131.00,$525.00,"$2,090.00","$6,270.00","",7182,"3732, 3682",2330,2331,"","","","","","","","","",
302240136,ME6 - Sold,01/27/2023,Primary,3417.0,hr,FALSE,,Manual,02/07/2023 01:45:22 PM,11/07/2024 01:52:20 PM,,2018,Caterpillar,304E2 CRCB,,Mini Excavator,Sold,0ME404105,,"",$92.00,$365.00,"$1,351.00","$4,043.00","",7730,600586 / CAT 363-5819 Incline,9462,9463 / CAT 415-2593,"","",CAT 421-5481,"",CAT 389-1590,"","","","",
302240052,FL6,01/27/2023,Primary,4013.0,hr,FALSE,,Manual,02/07/2023 01:44:52 PM,03/08/2023 12:56:14 PM,,2010,Skytrak,10054,,Forklift,Active,160039212,,"",$96.00,$550.00,"$1,536.00","$5,376.00","",7182,"3732, 3682","","","","","","","","","","","",
302239944,EX9 - Sold,01/27/2023,Primary,5611.0,hr,FALSE,,Manual,02/07/2023 01:44:19 PM,11/07/2024 01:33:29 PM,,2008,Komatsu,PC228US-3,,Excavator,Sold,KMTPC161K02041940,,"",$187.00,$748.00,"$3,019.00","$8,738.00","",7136,"3697, 3242",6744,6782,"","","","","","","","","",
302239831,EX8 - Sold,01/27/2023,Primary,9827.0,hr,FALSE,,Manual,02/07/2023 01:43:42 PM,11/07/2024 01:32:50 PM,,2007,Hitachi,ZX200LC,,Excavator,Sold,FF01G6Q312330,,"",$187.00,$748.00,"$3,019.00","$8,738.00","",7259 - 6 Gal,3343,6776,6777,"","","","","","","","","",
302239674,EX6 - Sold,01/27/2023,Primary,12456.0,hr,FALSE,,Manual,02/07/2023 01:43:02 PM,11/01/2023 03:39:04 PM,,2004,Hitachi,ZX330LC,,Excavator,Sold,HCM1HH00V00032886,,"",$274.00,"$1,095.00","$4,417.00","$12,784.00","",7259,3352,2803,2804,"","",FYA00016055,"","","","","","",
302239478,CR1,01/27/2023,Primary,7069.0,hr,FALSE,,Manual,02/07/2023 01:41:43 PM,03/08/2023 12:56:15 PM,,2003,Grove,RT600E,,Crane,Active,223293,,"",$248.00,$994.00,"$4,954.00","$11,880.00","",7620,3682,"","","","","","","","","","","",
302239238,BH4,01/27/2023,Primary,4912.0,hr,FALSE,,Manual,02/07/2023 01:40:09 PM,03/08/2023 12:56:14 PM,,2006,John Deere,310SG,,Backhoe,Active,TO310SG960924,,"",$77.50,$310.00,"$1,220.00","$3,660.00","",7750S - 3.25 Gal,3668,6562,6569,"","",7624,7201,"","","","","",
297953606,PU11,01/26/2023,Primary,12476.0,mi,FALSE,,Purchase Detail #1194415,01/26/2023 12:38:59 PM,03/08/2023 12:56:37 PM,Fleet,2021,Chevrolet,Silverado 1500,LT,Pickup,Active,1GCVYDED3MZ420998,,"","","","","","","","","","","","","","","","","","","",
295343856,RL6,12/09/2022,Primary,2953.8,hr,FALSE,,Manual,01/19/2023 01:28:18 PM,03/08/2023 12:56:15 PM,,2008,Caterpillar,CS56,,Roller,Active,C5S00381,,"",$131.00,$525.00,"$2,090.00","$6,270.00","",7325,"3606, 3076",9783,9782,326-1644,"",(2) 1G-8878,"","","","","","",
295340044,ME7,12/09/2022,Primary,1822.2,hr,FALSE,,Manual,01/19/2023 01:08:57 PM,03/08/2023 12:56:10 PM,,2018,Caterpillar,305E2 CRCB,,Mini Excavator,Active,0H5M07082,,"",$102.00,$415.00,"$1,680.00","$5,032.00","","",600586 / CAT 363-5819 Incline,9462,9463 / CAT 415-2593,"","","","","","","","","",
295338956,ME5,12/09/2022,Primary,2868.5,hr,FALSE,,Manual,01/19/2023 01:05:21 PM,03/08/2023 12:56:10 PM,,2018,Caterpillar,308E2 CRCB,,Mini Excavator,Active,0FJX10204,,"",$102.00,$415.00,"$1,680.00","$5,032.00","","",9462,9463 / CAT 415-2593,"","","","","","","","","","",
295333218,FL5,12/09/2022,Primary,6431.8,hr,FALSE,,Manual,01/19/2023 12:37:59 PM,03/08/2023 12:56:14 PM,,2013,JLG,G12-55A,,Forklift,Active,160048663,,"",$96.00,$550.00,"$1,536.00","$5,376.00","",7182,Fleetguard FF 63009,AF55021,AF55312,"","","","","","","","","",
295329931,EX10 - Sold,12/09/2022,Primary,9510.4,hr,FALSE,,Manual,01/19/2023 12:18:11 PM,09/09/2025 10:49:03 AM,,2011,Caterpillar,345DL,,Excavator,Sold,CAT0345DEEEH01123,,"",$313.00,"$1,250.00","$5,000.00","$15,000.00","",CAT 1R-1808,CAT 1R-0755 / 3607 / 3685,CAT 142-1340,CAT 142-1403,"","","","","","","","","",
295328874,DZ2 - Sold,12/09/2022,Primary,8998.7,hr,FALSE,,Manual,01/19/2023 12:11:46 PM,11/07/2024 01:30:44 PM,,2004,Caterpillar,D4GXL,,Bulldozer,Sold,CAT00D4GCHYD00907,,"",$143.75,$575.00,"$1,900.00","$5,940.00","",1261,3609,"","","","","","","","","","","",
295327486,BL5,12/09/2022,Primary,3812.8,hr,TRUE,exceeds_max_daily_usage,Manual,01/19/2023 12:02:35 PM,03/08/2023 12:56:24 PM,,2014,JLG,450AJ,,Articulated Boom Lift,In Shop,300194724,,"",$90.00,$495.00,"$1,520.00","$3,128.00","",1342,3943,"","","","","","","","","","","",
295327307,BL4,12/09/2022,Primary,2668.0,hr,FALSE,,Manual,01/19/2023 12:01:29 PM,03/08/2023 12:56:07 PM,,2007,Genie,Z60/34,,Articulated Boom Lift,Active,Z60077718,,"",$110.00,$550.00,"$1,650.00","$4,200.00","",7085,3472,"","","","","","","","","","","",
295326220,AD1 - SOLD,12/09/2022,Primary,11120.0,mi,FALSE,,Manual,01/19/2023 11:54:19 AM,02/19/2025 01:49:34 PM,,2005,Volvo,A30D,,Articulated Dump Truck,Sold,A30DV73296,,"",$250.00,"$1,000.00","$4,000.00","$12,000.00","","(2) 1791, (1) 1660 - 10 Gal",3721 & 3782,6770,6771,"",4196,"","","","","","","",
295309238,BH1,12/09/2022,Primary,3812.8,hr,FALSE,,Manual,01/19/2023 10:20:39 AM,03/08/2023 12:56:23 PM,,2007,Caterpillar,420E,,Backhoe,Active,CAT0420ECHLS04735,,"",$92.00,$365.00,"$1,351.00","$4,043.00","",1459,3609,9108,9109,"","","","","","","","","",
296833573,CR1,12/08/2022,Primary,7035.0,hr,FALSE,,Manual,01/23/2023 02:23:17 PM,03/08/2023 12:56:15 PM,,2003,Grove,RT600E,,Crane,Active,223293,,"",$248.00,$994.00,"$4,954.00","$11,880.00","",7620,3682,"","","","","","","","","","","",
295352609,WL5,12/08/2022,Primary,2859.0,hr,FALSE,,Manual,01/19/2023 02:14:32 PM,03/08/2023 12:56:13 PM,,2011,Caterpillar,289C,,Wheel Loader,Active,CAT0289CVJMP01979,,"",$56.25,$225.00,$875.00,"$2,615.00","",7106,600053,6562,"","","","","","","","","","",
295351413,WL3,12/08/2022,Primary,9754.0,hr,FALSE,,Manual,01/19/2023 02:07:27 PM,03/08/2023 12:56:13 PM,,2008,John Deere,544J,,Wheel Loader,Active,DW544JZ619585,,"",$187.00,$748.00,"$3,019.00","$8,738.00","",7750S,"3248, 3977, 3978",600104,"","","","","","","","","","",
295347315,ST1 - Sold,12/08/2022,Primary,216306.0,mi,FALSE,,Manual,01/19/2023 01:44:35 PM,09/09/2025 11:01:58 AM,Fleet,2007,GMC,TopKick C4500,,Service Truck,Sold,1GDE4C1277F408235,,"",$102.00,$415.00,"$1,680.00","$5,032.00","",7202,3960,"","","","","","","","","","","",
295342909,RL5,12/08/2022,Primary,3947.0,hr,FALSE,,Manual,01/19/2023 01:22:33 PM,03/08/2023 12:56:15 PM,,2012,Sakai,SV510TF-III,,Roller,Active,VSV21-10204,,"",$131.00,$525.00,"$2,090.00","$6,270.00","",7182,"3732, 3682",2330,2331,"","","","","","","","","",
295339541,ME6 - Sold,12/08/2022,Primary,3242.0,hr,FALSE,,Manual,01/19/2023 01:07:12 PM,11/07/2024 01:52:20 PM,,2018,Caterpillar,304E2 CRCB,,Mini Excavator,Sold,0ME404105,,"",$92.00,$365.00,"$1,351.00","$4,043.00","",7730,600586 / CAT 363-5819 Incline,9462,9463 / CAT 415-2593,"","",CAT 421-5481,"",CAT 389-1590,"","","","",
295333566,FL6,12/08/2022,Primary,3903.0,hr,FALSE,,Manual,01/19/2023 12:39:51 PM,03/08/2023 12:56:14 PM,,2010,Skytrak,10054,,Forklift,Active,160039212,,"",$96.00,$550.00,"$1,536.00","$5,376.00","",7182,"3732, 3682","","","","","","","","","","","",
295331765,EX9 - Sold,12/08/2022,Primary,5496.0,hr,FALSE,,Manual,01/19/2023 12:29:25 PM,11/07/2024 01:33:29 PM,,2008,Komatsu,PC228US-3,,Excavator,Sold,KMTPC161K02041940,,"",$187.00,$748.00,"$3,019.00","$8,738.00","",7136,"3697, 3242",6744,6782,"","","","","","","","","",
295331141,EX8 - Sold,12/08/2022,Primary,9750.0,hr,FALSE,,Manual,01/19/2023 12:25:20 PM,11/07/2024 01:32:50 PM,,2007,Hitachi,ZX200LC,,Excavator,Sold,FF01G6Q312330,,"",$187.00,$748.00,"$3,019.00","$8,738.00","",7259 - 6 Gal,3343,6776,6777,"","","","","","","","","",
295330430,EX6 - Sold,12/08/2022,Primary,12372.0,hr,FALSE,,Manual,01/19/2023 12:21:12 PM,11/01/2023 03:39:04 PM,,2004,Hitachi,ZX330LC,,Excavator,Sold,HCM1HH00V00032886,,"",$274.00,"$1,095.00","$4,417.00","$12,784.00","",7259,3352,2803,2804,"","",FYA00016055,"","","","","","",
295327841,DT1,12/08/2022,Primary,301508.0,mi,FALSE,,Manual,01/19/2023 12:04:57 PM,03/08/2023 12:56:13 PM,Fleet,2007,Kenworth,W900,,Dump Truck,Active,1NKWXB0X07R159782,,"",$131.00,$525.00,"$2,090.00","$5,940.00","",1792 - 9 Gal,3412 & 3674,"","","",4070,"","","","","","","",
295326634,BH4,12/08/2022,Primary,4868.0,hr,FALSE,,Manual,01/19/2023 11:57:04 AM,03/08/2023 12:56:14 PM,,2006,John Deere,310SG,,Backhoe,Active,TO310SG960924,,"",$77.50,$310.00,"$1,220.00","$3,660.00","",7750S - 3.25 Gal,3668,6562,6569,"","",7624,7201,"","","","","",
296833480,CR1,11/21/2022,Primary,7021.9,hr,FALSE,,Manual,01/23/2023 02:22:46 PM,03/08/2023 12:56:15 PM,,2003,Grove,RT600E,,Crane,Active,223293,,"",$248.00,$994.00,"$4,954.00","$11,880.00","",7620,3682,"","","","","","","","","","","",
295352555,WL5,11/21/2022,Primary,2854.0,hr,FALSE,,Manual,01/19/2023 02:14:19 PM,03/08/2023 12:56:13 PM,,2011,Caterpillar,289C,,Wheel Loader,Active,CAT0289CVJMP01979,,"",$56.25,$225.00,$875.00,"$2,615.00","",7106,600053,6562,"","","","","","","","","","",
295351373,WL3,11/21/2022,Primary,9704.4,hr,FALSE,,Manual,01/19/2023 02:07:10 PM,03/08/2023 12:56:13 PM,,2008,John Deere,544J,,Wheel Loader,Active,DW544JZ619585,,"",$187.00,$748.00,"$3,019.00","$8,738.00","",7750S,"3248, 3977, 3978",600104,"","","","","","","","","","",
295347270,ST1 - Sold,11/21/2022,Primary,215709.0,mi,FALSE,,Manual,01/19/2023 01:44:23 PM,09/09/2025 11:01:58 AM,Fleet,2007,GMC,TopKick C4500,,Service Truck,Sold,1GDE4C1277F408235,,"",$102.00,$415.00,"$1,680.00","$5,032.00","",7202,3960,"","","","","","","","","","","",
295342855,RL5,11/21/2022,Primary,3946.7,hr,FALSE,,Manual,01/19/2023 01:22:12 PM,03/08/2023 12:56:15 PM,,2012,Sakai,SV510TF-III,,Roller,Active,VSV21-10204,,"",$131.00,$525.00,"$2,090.00","$6,270.00","",7182,"3732, 3682",2330,2331,"","","","","","","","","",
295333547,FL6,11/21/2022,Primary,3874.4,hr,FALSE,,Manual,01/19/2023 12:39:40 PM,03/08/2023 12:56:14 PM,,2010,Skytrak,10054,,Forklift,Active,160039212,,"",$96.00,$550.00,"$1,536.00","$5,376.00","",7182,"3732, 3682","","","","","","","","","","","",
295331737,EX9 - Sold,11/21/2022,Primary,5445.0,hr,FALSE,,Manual,01/19/2023 12:29:14 PM,11/07/2024 01:33:29 PM,,2008,Komatsu,PC228US-3,,Excavator,Sold,KMTPC161K02041940,,"",$187.00,$748.00,"$3,019.00","$8,738.00","",7136,"3697, 3242",6744,6782,"","","","","","","","","",
295331113,EX8 - Sold,11/21/2022,Primary,9728.3,hr,FALSE,,Manual,01/19/2023 12:25:10 PM,11/07/2024 01:32:50 PM,,2007,Hitachi,ZX200LC,,Excavator,Sold,FF01G6Q312330,,"",$187.00,$748.00,"$3,019.00","$8,738.00","",7259 - 6 Gal,3343,6776,6777,"","","","","","","","","",
295330394,EX6 - Sold,11/21/2022,Primary,12327.9,hr,FALSE,,Manual,01/19/2023 12:20:59 PM,11/01/2023 03:39:04 PM,,2004,Hitachi,ZX330LC,,Excavator,Sold,HCM1HH00V00032886,,"",$274.00,"$1,095.00","$4,417.00","$12,784.00","",7259,3352,2803,2804,"","",FYA00016055,"","","","","","",
295310772,BH4,11/21/2022,Primary,4861.7,hr,FALSE,,Manual,01/19/2023 10:28:25 AM,03/08/2023 12:56:14 PM,,2006,John Deere,310SG,,Backhoe,Active,TO310SG960924,,"",$77.50,$310.00,"$1,220.00","$3,660.00","",7750S - 3.25 Gal,3668,6562,6569,"","",7624,7201,"","","","","",
295350717,WL1,11/11/2022,Primary,12505.0,hr,FALSE,,Manual,01/19/2023 02:03:15 PM,03/08/2023 12:56:36 PM,,2008,John Deere,624J,,Wheel Loader,Active,DW624JZ617237,,"",$187.00,$748.00,"$3,019.00","$8,738.00","",7750S - 6 Gal,3977 / 3978,6922,6923,"","","","","","","","","",
295339993,ME7,11/11/2022,Primary,1808.0,hr,FALSE,,Manual,01/19/2023 01:08:43 PM,03/08/2023 12:56:10 PM,,2018,Caterpillar,305E2 CRCB,,Mini Excavator,Active,0H5M07082,,"",$102.00,$415.00,"$1,680.00","$5,032.00","","",600586 / CAT 363-5819 Incline,9462,9463 / CAT 415-2593,"","","","","","","","","",
295338868,ME5,11/11/2022,Primary,2805.0,hr,FALSE,,Manual,01/19/2023 01:05:01 PM,03/08/2023 12:56:10 PM,,2018,Caterpillar,308E2 CRCB,,Mini Excavator,Active,0FJX10204,,"",$102.00,$415.00,"$1,680.00","$5,032.00","","",9462,9463 / CAT 415-2593,"","","","","","","","","","",
295333168,FL5,11/11/2022,Primary,6403.0,hr,FALSE,,Manual,01/19/2023 12:37:47 PM,03/08/2023 12:56:14 PM,,2013,JLG,G12-55A,,Forklift,Active,160048663,,"",$96.00,$550.00,"$1,536.00","$5,376.00","",7182,Fleetguard FF 63009,AF55021,AF55312,"","","","","","","","","",
295329358,DZ3 - Sold,11/11/2022,Primary,8990.0,hr,FALSE,,Manual,01/19/2023 12:14:34 PM,11/01/2023 03:37:25 PM,,2001,John Deere,650-H LGP,,Bulldozer,Sold,T0650HX892466,,"",$350.00,"","$4,800.00","$14,400.00","",7243,"600, 091, 600, 087",2033,2034,"","","",1994,"","","","","",
295327274,BL4,11/11/2022,Primary,2651.0,hr,FALSE,,Manual,01/19/2023 12:01:15 PM,03/08/2023 12:56:07 PM,,2007,Genie,Z60/34,,Articulated Boom Lift,Active,Z60077718,,"",$110.00,$550.00,"$1,650.00","$4,200.00","",7085,3472,"","","","","","","","","","","",
295326198,AD1 - SOLD,11/11/2022,Primary,11116.0,mi,FALSE,,Manual,01/19/2023 11:54:07 AM,02/19/2025 01:49:34 PM,,2005,Volvo,A30D,,Articulated Dump Truck,Sold,A30DV73296,,"",$250.00,"$1,000.00","$4,000.00","$12,000.00","","(2) 1791, (1) 1660 - 10 Gal",3721 & 3782,6770,6771,"",4196,"","","","","","","",
295675781,PU4 - Sold,11/03/2022,Primary,220359.0,mi,FALSE,,Service Entry #15777468,01/20/2023 09:35:48 AM,11/07/2024 01:53:53 PM,,2007,Toyota,Tundra,Limited,Pickup,Sold,5TBDV58137S486008,,"","",$175.00,$515.00,"$1,218.00","","","","","","","","","","","","","","",
295350216,WL2,11/03/2022,Primary,2407.0,hr,FALSE,,Manual,01/19/2023 02:00:23 PM,03/08/2023 12:56:36 PM,,2003,Bobcat,S175,,Wheel Loader,Active,517628573,,"",$56.25,$225.00,$875.00,"$2,615.00","",1521,3192,"","","","","","",Bobcat #6732416,"","","","",
295349536,WL1,11/03/2022,Primary,12498.0,hr,FALSE,,Manual,01/19/2023 01:56:51 PM,03/08/2023 12:56:36 PM,,2008,John Deere,624J,,Wheel Loader,Active,DW624JZ617237,,"",$187.00,$748.00,"$3,019.00","$8,738.00","",7750S - 6 Gal,3977 / 3978,6922,6923,"","","","","","","","","",
295343793,RL6,11/03/2022,Primary,2945.0,hr,FALSE,,Manual,01/19/2023 01:27:57 PM,03/08/2023 12:56:15 PM,,2008,Caterpillar,CS56,,Roller,Active,C5S00381,,"",$131.00,$525.00,"$2,090.00","$6,270.00","",7325,"3606, 3076",9783,9782,326-1644,"",(2) 1G-8878,"","","","","","",
295339937,ME7,11/03/2022,Primary,1782.0,hr,FALSE,,Manual,01/19/2023 01:08:28 PM,03/08/2023 12:56:10 PM,,2018,Caterpillar,305E2 CRCB,,Mini Excavator,Active,0H5M07082,,"",$102.00,$415.00,"$1,680.00","$5,032.00","","",600586 / CAT 363-5819 Incline,9462,9463 / CAT 415-2593,"","","","","","","","","",
295338827,ME5,11/03/2022,Primary,2786.0,hr,FALSE,,Manual,01/19/2023 01:04:50 PM,03/08/2023 12:56:10 PM,,2018,Caterpillar,308E2 CRCB,,Mini Excavator,Active,0FJX10204,,"",$102.00,$415.00,"$1,680.00","$5,032.00","","",9462,9463 / CAT 415-2593,"","","","","","","","","","",
295332964,FL4,11/03/2022,Primary,6516.0,hr,FALSE,,Manual,01/19/2023 12:36:39 PM,03/08/2023 12:56:14 PM,,2008,Skytrack,10042,,Forklift,Active,160036322,,"",$137.50,$550.00,"$1,408.00","$4,928.00","",7182,"3397, 3732",2330,2816,"","",PT9342,BT8415,"","","","","",
295332752,FL3 - Sold,11/03/2022,Primary,6586.4,hr,FALSE,,Manual,01/19/2023 12:35:39 PM,09/09/2025 10:49:04 AM,,1998,JCB,506B,,Forklift,Sold,SLP506BOTEO576988,,"",$137.50,$550.00,"$1,200.00","$4,200.00","",1459,"","","",3472,"","","","","","","","",
295329906,EX10 - Sold,11/03/2022,Primary,9483.0,hr,FALSE,,Manual,01/19/2023 12:17:58 PM,09/09/2025 10:49:03 AM,,2011,Caterpillar,345DL,,Excavator,Sold,CAT0345DEEEH01123,,"",$313.00,"$1,250.00","$5,000.00","$15,000.00","",CAT 1R-1808,CAT 1R-0755 / 3607 / 3685,CAT 142-1340,CAT 142-1403,"","","","","","","","","",
295329328,DZ3 - Sold,11/03/2022,Primary,8985.0,hr,FALSE,,Manual,01/19/2023 12:14:22 PM,11/01/2023 03:37:25 PM,,2001,John Deere,650-H LGP,,Bulldozer,Sold,T0650HX892466,,"",$350.00,"","$4,800.00","$14,400.00","",7243,"600, 091, 600, 087",2033,2034,"","","",1994,"","","","","",
295327438,BL5,11/03/2022,Primary,1378.0,hr,FALSE,,Manual,01/19/2023 12:02:21 PM,03/08/2023 12:56:24 PM,,2014,JLG,450AJ,,Articulated Boom Lift,In Shop,300194724,,"",$90.00,$495.00,"$1,520.00","$3,128.00","",1342,3943,"","","","","","","","","","","",
295326179,AD1 - SOLD,11/03/2022,Primary,11111.0,mi,FALSE,,Manual,01/19/2023 11:53:53 AM,02/19/2025 01:49:34 PM,,2005,Volvo,A30D,,Articulated Dump Truck,Sold,A30DV73296,,"",$250.00,"$1,000.00","$4,000.00","$12,000.00","","(2) 1791, (1) 1660 - 10 Gal",3721 & 3782,6770,6771,"",4196,"","","","","","","",
295308525,BH1,11/03/2022,Primary,3810.0,hr,FALSE,,Manual,01/19/2023 10:17:16 AM,03/08/2023 12:56:23 PM,,2007,Caterpillar,420E,,Backhoe,Active,CAT0420ECHLS04735,,"",$92.00,$365.00,"$1,351.00","$4,043.00","",1459,3609,9108,9109,"","","","","","","","","",
308151907,EX7 - Sold,10/28/2022,Primary,10509.0,hr,FALSE,,Service Entry #16248118,02/23/2023 02:34:35 PM,11/07/2024 01:31:39 PM,,2006,John Deere,135C RTS,,Excavator,Sold,FF135CX300780,,"","",$530.00,"$2,121.00","$6,340.00","",7259 - 4 Gal,3386,6562,6569,"","","","","","","","","",
296833324,CR1,10/28/2022,Primary,6966.5,hr,FALSE,,Manual,01/23/2023 02:22:13 PM,03/08/2023 12:56:15 PM,,2003,Grove,RT600E,,Crane,Active,223293,,"",$248.00,$994.00,"$4,954.00","$11,880.00","",7620,3682,"","","","","","","","","","","",
295352471,WL5,10/28/2022,Primary,2846.1,hr,FALSE,,Manual,01/19/2023 02:13:47 PM,03/08/2023 12:56:13 PM,,2011,Caterpillar,289C,,Wheel Loader,Active,CAT0289CVJMP01979,,"",$56.25,$225.00,$875.00,"$2,615.00","",7106,600053,6562,"","","","","","","","","","",
295351264,WL3,10/28/2022,Primary,9635.7,hr,FALSE,,Manual,01/19/2023 02:06:39 PM,03/08/2023 12:56:13 PM,,2008,John Deere,544J,,Wheel Loader,Active,DW544JZ619585,,"",$187.00,$748.00,"$3,019.00","$8,738.00","",7750S,"3248, 3977, 3978",600104,"","","","","","","","","","",
295348293,SW2,10/28/2022,Primary,870.0,hr,FALSE,,Manual,01/19/2023 01:50:00 PM,03/08/2023 12:56:13 PM,,2000,Laymore,8HC,,Sweeper,Active,27499-004,,"",$50.00,$200.00,$800.00,"$2,400.00","","",3390,"","","","","","","","","","","",
295347214,ST1 - Sold,10/28/2022,Primary,214870.0,mi,FALSE,,Manual,01/19/2023 01:44:07 PM,09/09/2025 11:01:58 AM,Fleet,2007,GMC,TopKick C4500,,Service Truck,Sold,1GDE4C1277F408235,,"",$102.00,$415.00,"$1,680.00","$5,032.00","",7202,3960,"","","","","","","","","","","",
295346452,SL9,10/28/2022,Primary,2863.0,hr,FALSE,,Manual,01/19/2023 01:40:26 PM,03/08/2023 12:56:12 PM,,2007,Skyjack,SJ6826RT,Off Road 4x4,Scissor Lift,Active,,,"",$64.00,$358.00,$776.00,"$2,068.00","","","","","","","","","","","","","","",
295346129,SL8,10/28/2022,Primary,2686.8,hr,FALSE,,Manual,01/19/2023 01:39:26 PM,03/08/2023 12:56:12 PM,,2006,Skyjack,SJ7135RT,Off Road 4x4,Scissor Lift,Active,343169,,"",$64.00,$358.00,$776.00,"$2,068.00","","","","","","","","","","","","","","",
295345186,SL2,10/28/2022,Primary,399.4,hr,FALSE,,Manual,01/19/2023 01:35:40 PM,03/08/2023 12:56:11 PM,,2005,JLG,1930ES,,Scissor Lift,Active,200143219,,"",$48.50,$194.00,$388.00,"$1,034.00","","","","","","","","","","","","","","",
295344887,SL1 - Sold,10/28/2022,Primary,356.0,hr,FALSE,,Manual,01/19/2023 01:33:56 PM,11/07/2024 02:10:55 PM,,2005,JLG,1930ES,,Scissor Lift,Sold,200134238,,"",$48.50,$194.00,$388.00,"$1,034.00","","","","","","","","","","","","","","",
295342818,RL5,10/28/2022,Primary,3943.2,hr,FALSE,,Manual,01/19/2023 01:21:57 PM,03/08/2023 12:56:15 PM,,2012,Sakai,SV510TF-III,,Roller,Active,VSV21-10204,,"",$131.00,$525.00,"$2,090.00","$6,270.00","",7182,"3732, 3682",2330,2331,"","","","","","","","","",
295341304,PU8,10/28/2022,Primary,80490.0,mi,FALSE,,Manual,01/19/2023 01:14:22 PM,03/08/2023 12:56:11 PM,Fleet,2016,Ford,Transit Van,T350 XLT,Pickup,Active,1FBZX2ZM4GKA57261,,"","",$150.00,$441.00,"$1,044.00","","","","","","","","","","","","","","",
295340324,PU2 - Sold,10/28/2022,Primary,158872.0,mi,FALSE,,Manual,01/19/2023 01:10:12 PM,11/07/2024 01:58:39 PM,Fleet,2008,Chevrolet,Silverado 1500,Work Truck,Pickup,Sold,1GCEC14X68Z292951,,"",$125.00,$367.00,$367.86,$870.00,"","","","","","","","","","","","","","",
295339367,ME6 - Sold,10/28/2022,Primary,3000.0,hr,FALSE,,Manual,01/19/2023 01:06:47 PM,11/07/2024 01:52:20 PM,,2018,Caterpillar,304E2 CRCB,,Mini Excavator,Sold,0ME404105,,"",$92.00,$365.00,"$1,351.00","$4,043.00","",7730,600586 / CAT 363-5819 Incline,9462,9463 / CAT 415-2593,"","",CAT 421-5481,"",CAT 389-1590,"","","","",
295333979,FL7 - Sold,10/28/2022,Primary,2635.0,hr,FALSE,,Manual,01/19/2023 12:41:59 PM,11/07/2024 01:35:39 PM,,2007,Gehl,RS5-19,,Forklift,Sold,1R519DY0250134,,"",$137.50,$550.00,"$1,200.00","$4,200.00","",1521,3472,"","","","","","","","","","","",
295333497,FL6,10/28/2022,Primary,3829.0,hr,FALSE,,Manual,01/19/2023 12:39:23 PM,03/08/2023 12:56:14 PM,,2010,Skytrak,10054,,Forklift,Active,160039212,,"",$96.00,$550.00,"$1,536.00","$5,376.00","",7182,"3732, 3682","","","","","","","","","","","",
295333137,FL5,10/28/2022,Primary,6390.9,hr,FALSE,,Manual,01/19/2023 12:37:34 PM,03/08/2023 12:56:14 PM,,2013,JLG,G12-55A,,Forklift,Active,160048663,,"",$96.00,$550.00,"$1,536.00","$5,376.00","",7182,Fleetguard FF 63009,AF55021,AF55312,"","","","","","","","","",
295332400,FL1,10/28/2022,Primary,4481.0,hr,FALSE,,Manual,01/19/2023 12:33:20 PM,09/06/2024 01:18:03 PM,,2012,JLG,G9-43A,,Forklift,Sold,160043134,,"",$137.50,$550.00,"$1,408.00","$4,928.00","",3378,7201,10176,"",600243,"","","","","","","","",
295331712,EX9 - Sold,10/28/2022,Primary,5384.0,hr,FALSE,,Manual,01/19/2023 12:29:03 PM,11/07/2024 01:33:29 PM,,2008,Komatsu,PC228US-3,,Excavator,Sold,KMTPC161K02041940,,"",$187.00,$748.00,"$3,019.00","$8,738.00","",7136,"3697, 3242",6744,6782,"","","","","","","","","",
295331072,EX8 - Sold,10/28/2022,Primary,9690.4,hr,FALSE,,Manual,01/19/2023 12:24:56 PM,11/07/2024 01:32:50 PM,,2007,Hitachi,ZX200LC,,Excavator,Sold,FF01G6Q312330,,"",$187.00,$748.00,"$3,019.00","$8,738.00","",7259 - 6 Gal,3343,6776,6777,"","","","","","","","","",
295330750,EX7 - Sold,10/28/2022,Primary,10509.0,hr,FALSE,,Manual,01/19/2023 12:22:59 PM,11/07/2024 01:31:39 PM,,2006,John Deere,135C RTS,,Excavator,Sold,FF135CX300780,,"","",$530.00,"$2,121.00","$6,340.00","",7259 - 4 Gal,3386,6562,6569,"","","","","","","","","",
295330372,EX6 - Sold,10/28/2022,Primary,12263.3,hr,FALSE,,Manual,01/19/2023 12:20:48 PM,11/01/2023 03:39:04 PM,,2004,Hitachi,ZX330LC,,Excavator,Sold,HCM1HH00V00032886,,"",$274.00,"$1,095.00","$4,417.00","$12,784.00","",7259,3352,2803,2804,"","",FYA00016055,"","","","","","",
295327613,BL6,10/28/2022,Primary,1086.5,hr,FALSE,,Manual,01/19/2023 12:03:27 PM,03/08/2023 12:56:24 PM,,2014,JLG,450AJ,,Articulated Boom Lift,Active,300194729,,"",$90.00,$495.00,"$1,520.00","$3,128.00","",1342,3943,"","","","","","","","","","","",
295327224,BL4,10/28/2022,Primary,2641.0,hr,FALSE,,Manual,01/19/2023 12:01:02 PM,03/08/2023 12:56:07 PM,,2007,Genie,Z60/34,,Articulated Boom Lift,Active,Z60077718,,"",$110.00,$550.00,"$1,650.00","$4,200.00","",7085,3472,"","","","","","","","","","","",
295310080,BH4,10/28/2022,Primary,4853.7,hr,FALSE,,Manual,01/19/2023 10:25:27 AM,03/08/2023 12:56:14 PM,,2006,John Deere,310SG,,Backhoe,Active,TO310SG960924,,"",$77.50,$310.00,"$1,220.00","$3,660.00","",7750S - 3.25 Gal,3668,6562,6569,"","",7624,7201,"","","","","",
295677096,PU4 - Sold,10/25/2022,Primary,219709.0,mi,FALSE,,Service Entry #15777585,01/20/2023 09:43:56 AM,11/07/2024 01:53:53 PM,,2007,Toyota,Tundra,Limited,Pickup,Sold,5TBDV58137S486008,,"","",$175.00,$515.00,"$1,218.00","","","","","","","","","","","","","","",
295677988,PU4 - Sold,10/18/2022,Primary,219405.0,mi,FALSE,,Service Entry #15777659,01/20/2023 09:49:37 AM,11/07/2024 01:53:53 PM,,2007,Toyota,Tundra,Limited,Pickup,Sold,5TBDV58137S486008,,"","",$175.00,$515.00,"$1,218.00","","","","","","","","","","","","","","",
289322209,PU9,10/17/2022,Primary,95000.0,mi,FALSE,,Purchase Detail #1167434,01/05/2023 03:36:43 PM,03/08/2023 12:56:11 PM,Fleet,2016,GMC,Sierra 2500,SLT,Pickup,Active,1GT12TE80GF236217,,"","","","","","","","","","","","","","","","","","","",
295678201,PU4 - Sold,09/14/2022,Primary,217074.0,mi,FALSE,,Service Entry #15777677,01/20/2023 09:51:05 AM,11/07/2024 01:53:53 PM,,2007,Toyota,Tundra,Limited,Pickup,Sold,5TBDV58137S486008,,"","",$175.00,$515.00,"$1,218.00","","","","","","","","","","","","","","",
289322217,RL8,06/16/2022,Primary,319.0,hr,FALSE,,Purchase Detail #1167438,01/05/2023 03:36:45 PM,03/08/2023 12:56:12 PM,,2011,HAMM,HD12,,Roller,Active,H2001478,,"","","","","","","","","","","","","","","","","","","",
289328313,DZ4,06/13/2022,Primary,3700.0,hr,FALSE,,Purchase Detail #1167500,01/05/2023 04:16:19 PM,03/08/2023 12:56:36 PM,,2015,Caterpillar,D6K2 XLT,,Bulldozer,Active,WMR00849,,"","","","","","","","","","","","","","","","","","","",
295348069,ST5,06/01/2022,Primary,140121.0,mi,FALSE,,Manual,01/19/2023 01:48:35 PM,03/08/2023 12:56:13 PM,Fleet,2011,RAM,5500,,Service Truck,Active,3D6WU7CL4BG500622,,"",$102.00,$415.00,"$1,680.00","$5,032.00","",7620,"","","","","","","","","","","","",
295347886,ST4,05/01/2022,Primary,98933.0,mi,FALSE,,Manual,01/19/2023 01:47:18 PM,03/08/2023 12:56:13 PM,Fleet,2017,Ford,F-450 Super Duty,,Service Truck,Active,1FD0W4HT2HED69098,,"",$102.00,$415.00,"$1,680.00","$5,032.00","","","","","","","","","","","","","","",
295327787,DT1,04/21/2022,Primary,298590.0,mi,FALSE,,Manual,01/19/2023 12:04:35 PM,03/08/2023 12:56:13 PM,Fleet,2007,Kenworth,W900,,Dump Truck,Active,1NKWXB0X07R159782,,"",$131.00,$525.00,"$2,090.00","$5,940.00","",1792 - 9 Gal,3412 & 3674,"","","",4070,"","","","","","","",
295679032,PU4 - Sold,03/31/2022,Primary,209403.0,mi,FALSE,,Service Entry #15777722,01/20/2023 09:54:44 AM,11/07/2024 01:53:53 PM,,2007,Toyota,Tundra,Limited,Pickup,Sold,5TBDV58137S486008,,"","",$175.00,$515.00,"$1,218.00","","","","","","","","","","","","","","",
295327955,DT2,03/01/2022,Primary,491525.0,mi,FALSE,,Manual,01/19/2023 12:05:44 PM,03/08/2023 12:56:14 PM,Fleet,2006,Kenworth,T800,,Dump Truck,Active,1NKDXB0X76R138191,,"",$124.00,$497.00,"$1,980.00","$6,270.00","","","","","","","","","","","","","","",
295680477,PU4 - Sold,02/10/2022,Primary,207136.0,mi,FALSE,,Service Entry #15777818,01/20/2023 10:01:00 AM,11/07/2024 01:53:53 PM,,2007,Toyota,Tundra,Limited,Pickup,Sold,5TBDV58137S486008,,"","",$175.00,$515.00,"$1,218.00","","","","","","","","","","","","","","",
289322184,JR1 - Sold,10/07/2021,Primary,119407.0,mi,FALSE,,Purchase Detail #1167423,01/05/2023 03:36:37 PM,11/07/2024 01:37:28 PM,,2006,International,WorkStar 7400,,Jetter Truck,Sold,1HTWCAZR06J239076,,"","","","","","","","","","","","","","","","","","","",
289327071,DT2,06/29/2021,Primary,481697.0,mi,FALSE,,Purchase Detail #1167476,01/05/2023 04:09:38 PM,03/08/2023 12:56:14 PM,Fleet,2006,Kenworth,T800,,Dump Truck,Active,1NKDXB0X76R138191,,"",$124.00,$497.00,"$1,980.00","$6,270.00","","","","","","","","","","","","","","",
289322250,SW3,06/22/2021,Primary,428.0,hr,FALSE,,Purchase Detail #1167453,01/05/2023 03:36:53 PM,05/13/2026 01:25:11 PM,,2004,Laymore,8HC,,Sweeper,Sold,30282,,"",$50.00,$200.00,$800.00,"$2,400.00","","","","","","","","","","","","","",3600.00,05/12/2026
295352891,WT1,06/01/2021,Secondary,5522.0,hr,FALSE,,Manual,01/19/2023 02:16:21 PM,03/08/2023 12:56:14 PM,Fleet,2001,International,4700,,Water Truck,Active,1HTSCABN81H343644,,"",$101.00,$402.00,"$1,486.00","$4,447.00","",1734,3817,"","","","","","","","","","","",
295352802,WT1,06/01/2021,Primary,18192.0,mi,FALSE,,Manual,01/19/2023 02:15:51 PM,03/08/2023 12:56:14 PM,Fleet,2001,International,4700,,Water Truck,Active,1HTSCABN81H343644,,"",$101.00,$402.00,"$1,486.00","$4,447.00","",1734,3817,"","","","","","","","","","","",
295340810,PU5,06/01/2021,Primary,195744.0,mi,FALSE,,Manual,01/19/2023 01:12:24 PM,03/08/2023 12:56:15 PM,Fleet,1998,Chevrolet,Z-71,K1500 Silverado,Pickup,Active,1GCEK19R5WR152125,,"","",$100.00,$294.29,$696.00,"",1036,"","","","","","","","","","","","",
295334239,FT1 - Sold,06/01/2021,Primary,221536.0,mi,FALSE,,Manual,01/19/2023 12:43:10 PM,11/07/2024 01:38:00 PM,,1998,Chevrolet,Z-71,K1500 Silverado,Pickup,Sold,2GCEK19R4W1247963,,"","",$100.00,$400.00,"$1,200.00","",1036 - 5 Quarts,"","","","","","","","","","","","",
295328449,DZ2 - Sold,06/01/2021,Primary,6696.0,hr,FALSE,,Manual,01/19/2023 12:09:04 PM,11/07/2024 01:30:44 PM,,2004,Caterpillar,D4GXL,,Bulldozer,Sold,CAT00D4GCHYD00907,,"",$143.75,$575.00,"$1,900.00","$5,940.00","",1261,3609,"","","","","","","","","","","",
295327108,BL3,06/01/2021,Primary,5549.0,hr,FALSE,,Manual,01/19/2023 12:00:19 PM,03/08/2023 12:56:24 PM,,2003,JLG,400S,,Boom Lift,Out of Service,300073534,,"",$90.00,$495.00,"$1,520.00","$3,128.00","",1516,"","","","","","","","","","","","",
295326965,BL2,05/01/2021,Primary,3068.0,hr,FALSE,,Manual,01/19/2023 11:59:24 AM,03/08/2023 12:56:24 PM,,2007,JLG,400S,,Boom Lift,Active,300108849,,"",$90.00,$495.00,"$1,520.00","$3,128.00","",1516,5833,2134,"","","","","","","","","","",
295347739,ST3 - Sold,03/01/2021,Primary,401528.0,mi,FALSE,,Manual,01/19/2023 01:46:24 PM,11/07/2024 02:09:22 PM,Fleet,2003,Chevrolet,Kodiak C4500,,Service Truck,Sold,1GBC4E1153F512204,,"",$95.00,$395.00,"$1,390.00","$3,910.00","",7202,"","","","","","","","","","","","",
295332578,FL2 - Sold,03/01/2021,Primary,7721.0,hr,FALSE,,Manual,01/19/2023 12:34:23 PM,11/07/2024 01:34:53 PM,,2000,Skytrack,10042,,Forklift,Sold,13098,,"",$137.50,$550.00,"$1,408.00","$4,928.00","",1607,"3472, INLINE 3/8 3033",2321,6522,"","","","","","","","","",
289322254,VT2 - Sold,02/12/2021,Primary,48773.0,mi,FALSE,,Purchase Detail #1167454,01/05/2023 03:36:53 PM,09/09/2025 10:49:04 AM,Fleet,2000,International,2654,,Vactor Truck,Sold,1HTGHADT8YH338022,,"",$200.00,"$1,000.00","$3,000.00","$9,000.00","","",2547,"","","","","","","","","","","",
295345834,SL7,09/01/2020,Primary,2730.0,hr,FALSE,,Manual,01/19/2023 01:38:29 PM,03/08/2023 12:56:12 PM,,2002,Genie,GS3268RT,Off Road 4x4,Scissor Lift,Active,40123,,"",$64.00,$358.00,$776.00,"$2,068.00","",7141,3012,6270,"","","","","","","","","","",
295344852,SL1 - Sold,09/01/2020,Primary,356.0,hr,FALSE,,Manual,01/19/2023 01:33:43 PM,11/07/2024 02:10:55 PM,,2005,JLG,1930ES,,Scissor Lift,Sold,200134238,,"",$48.50,$194.00,$388.00,"$1,034.00","","","","","","","","","","","","","","",
295326846,BL1 - Sold,09/01/2020,Primary,3848.0,hr,FALSE,,Manual,01/19/2023 11:58:37 AM,11/07/2024 01:30:04 PM,,2008,JLG,600AJ,,Boom Lift,Sold,030012964,,"",$110.00,$550.00,"$1,650.00","$4,200.00","",1069 - 4.5 Quart,"",2134,"","","","","",7610C592,"","","","",
289322169,BL6,07/28/2020,Primary,825.0,hr,FALSE,,Purchase Detail #1167416,01/05/2023 03:36:33 PM,03/08/2023 12:56:24 PM,,2014,JLG,450AJ,,Articulated Boom Lift,Active,300194729,,"",$90.00,$495.00,"$1,520.00","$3,128.00","",1342,3943,"","","","","","","","","","","",
289322167,BL5,07/28/2020,Primary,940.0,hr,FALSE,,Purchase Detail #1167415,01/05/2023 03:36:33 PM,03/08/2023 12:56:24 PM,,2014,JLG,450AJ,,Articulated Boom Lift,In Shop,300194724,,"",$90.00,$495.00,"$1,520.00","$3,128.00","",1342,3943,"","","","","","","","","","","",
289322207,PU8,07/06/2020,Primary,37403.0,mi,FALSE,,Purchase Detail #1167433,01/05/2023 03:36:43 PM,03/08/2023 12:56:11 PM,Fleet,2016,Ford,Transit Van,T350 XLT,Pickup,Active,1FBZX2ZM4GKA57261,,"","",$150.00,$441.00,"$1,044.00","","","","","","","","","","","","","","",
312948225,TT1 - Sold,04/20/2020,Primary,1042142.0,mi,FALSE,,Purchase Detail #1240746,03/08/2023 12:53:30 PM,11/07/2024 02:08:50 PM,,2007,Kenworth,W900,,Car,Sold,1XKWDB9X17R208473,,"",$131.00,$525.00,"$2,090.00","$6,270.00","","","","","","","","","","","","","","",
295341032,PU7,04/01/2020,Primary,40000.0,mi,FALSE,,Manual,01/19/2023 01:13:22 PM,03/08/2023 12:56:10 PM,Fleet,2017,Chevrolet,Silverado,LT Z71,Pickup,Active,3GCUKREC8HG102169,,"","",$175.00,$515.00,"$1,218.00",15mm,"","","","","","","","","","","","","",
295340489,PU3,04/01/2020,Primary,182000.0,mi,FALSE,,Manual,01/19/2023 01:11:01 PM,05/13/2026 01:22:30 PM,Fleet,2007,GMC,Sierra 1500,SLT,Pickup,Sold,3GTEK13M27G521148,,"","",$175.00,$515.00,"$1,218.00",13mm,"","","","","","","","","","","","","$5,300.00",05/12/2026
289322240,ST4,03/25/2020,Primary,73000.0,mi,FALSE,,Purchase Detail #1167450,01/05/2023 03:36:50 PM,03/08/2023 12:56:13 PM,Fleet,2017,Ford,F-450 Super Duty,,Service Truck,Active,1FD0W4HT2HED69098,,"",$102.00,$415.00,"$1,680.00","$5,032.00","","","","","","","","","","","","","","",
289327089,FL7 - Sold,10/12/2019,Primary,2547.0,hr,FALSE,,Purchase Detail #1167486,01/05/2023 04:09:43 PM,11/07/2024 01:35:39 PM,,2007,Gehl,RS5-19,,Forklift,Sold,1R519DY0250134,,"",$137.50,$550.00,"$1,200.00","$4,200.00","",1521,3472,"","","","","","","","","","","",
289327087,FL6,08/09/2019,Primary,3293.0,hr,FALSE,,Purchase Detail #1167485,01/05/2023 04:09:43 PM,03/08/2023 12:56:14 PM,,2010,Skytrak,10054,,Forklift,Active,160039212,,"",$96.00,$550.00,"$1,536.00","$5,376.00","",7182,"3732, 3682","","","","","","","","","","","",
289322193,ME6 - Sold,05/22/2019,Primary,226.0,hr,FALSE,,Purchase Detail #1167426,01/05/2023 03:36:39 PM,11/07/2024 01:52:20 PM,,2018,Caterpillar,304E2 CRCB,,Mini Excavator,Sold,0ME404105,,"",$92.00,$365.00,"$1,351.00","$4,043.00","",7730,600586 / CAT 363-5819 Incline,9462,9463 / CAT 415-2593,"","",CAT 421-5481,"",CAT 389-1590,"","","","",
289322188,ME5,05/22/2019,Primary,651.0,hr,FALSE,,Purchase Detail #1167425,01/05/2023 03:36:38 PM,03/08/2023 12:56:10 PM,,2018,Caterpillar,308E2 CRCB,,Mini Excavator,Active,0FJX10204,,"",$102.00,$415.00,"$1,680.00","$5,032.00","","",9462,9463 / CAT 415-2593,"","","","","","","","","","",
289322243,ST5,04/30/2019,Primary,81625.0,mi,FALSE,,Purchase Detail #1167451,01/05/2023 03:36:51 PM,03/08/2023 12:56:13 PM,Fleet,2011,RAM,5500,,Service Truck,Active,3D6WU7CL4BG500622,,"",$102.00,$415.00,"$1,680.00","$5,032.00","",7620,"","","","","","","","","","","","",
289322261,WT3,03/29/2019,Primary,0.0,mi,FALSE,,Purchase Detail #1167458,01/05/2023 03:36:55 PM,03/08/2023 12:56:29 PM,Fleet,2019,Multiquip,TRLR70E,,Water Trailer,Active,4GNBM1222KB051742,,"",$72.56,$20.24,"$1,165.00","$3,485.00","","","","","","","","","","","","","","",
295348593,VT1 - Sold,01/01/2019,Primary,79158.0,mi,FALSE,,Manual,01/19/2023 01:52:08 PM,11/01/2023 03:38:08 PM,,2002,Peterbilt,320,,Vactor Truck,Sold,1NPZLT0X52D713641,,"",$200.00,"$1,000.00","$3,000.00","$9,000.00","",1792XE,"3406, 3674",2546,2547,"","","","","","","","","",
289322234,SL9,12/17/2018,Primary,2343.0,hr,FALSE,,Purchase Detail #1167447,01/05/2023 03:36:49 PM,03/08/2023 12:56:12 PM,,2007,Skyjack,SJ6826RT,Off Road 4x4,Scissor Lift,Active,,,"",$64.00,$358.00,$776.00,"$2,068.00","","","","","","","","","","","","","","",
289322232,SL8,12/17/2018,Primary,2340.0,hr,FALSE,,Purchase Detail #1167446,01/05/2023 03:36:48 PM,03/08/2023 12:56:12 PM,,2006,Skyjack,SJ7135RT,Off Road 4x4,Scissor Lift,Active,343169,,"",$64.00,$358.00,$776.00,"$2,068.00","","","","","","","","","","","","","","",
289322226,SL6,12/13/2018,Primary,179.0,hr,FALSE,,Purchase Detail #1167444,01/05/2023 03:36:48 PM,03/08/2023 12:56:12 PM,,2013,Genie,GS3232,,Scissor Lift,Waiting on Parts,GS3213A117543,,"",$42.00,$225.00,$428.00,"$1,114.00","","","","","","","","","","","","","","",
289322224,SL5,12/13/2018,Primary,109.0,hr,FALSE,,Purchase Detail #1167443,01/05/2023 03:36:47 PM,03/08/2023 12:56:12 PM,,2013,Skyjack,SJIII 3219,,Scissor Lift,Active,22047819,,"",$42.00,$225.00,$388.00,"$1,034.00","","","","","","","","","","","","","","",
289322166,BL4,12/13/2018,Primary,1952.0,hr,FALSE,,Purchase Detail #1167414,01/05/2023 03:36:32 PM,03/08/2023 12:56:07 PM,,2007,Genie,Z60/34,,Articulated Boom Lift,Active,Z60077718,,"",$110.00,$550.00,"$1,650.00","$4,200.00","",7085,3472,"","","","","","","","","","","",
289327079,FL1,09/01/2018,Primary,4166.0,hr,FALSE,,Purchase Detail #1167480,01/05/2023 04:09:41 PM,09/06/2024 01:18:03 PM,,2012,JLG,G9-43A,,Forklift,Sold,160043134,,"",$137.50,$550.00,"$1,408.00","$4,928.00","",3378,7201,10176,"",600243,"","","","","","","","",
289322213,RL7 - Sold,09/01/2018,Primary,377.0,hr,FALSE,,Purchase Detail #1167437,01/05/2023 03:36:45 PM,11/07/2024 02:32:24 PM,,2012,Multiquip,AR-13HA,,Roller,Sold,121009,,"",$56.25,$225.00,$875.00,"$2,615.00","",1551,7356,"","","","","","","","","","","",
289327105,WL4 - Sold,03/29/2018,Primary,4226.0,hr,FALSE,,Purchase Detail #1167497,01/05/2023 04:09:48 PM,11/01/2023 03:33:36 PM,,2013,Volvo,L70G,,Wheel Loader,Sold,VCE0L70GV00002687,,"",$187.00,$748.00,"$3,019.00","$8,738.00","","","3690, 3683","","","","","","","","","","","",
289322157,BL1 - Sold,03/29/2018,Primary,2981.0,hr,FALSE,,Purchase Detail #1167411,01/05/2023 03:36:31 PM,11/07/2024 01:30:04 PM,,2008,JLG,600AJ,,Boom Lift,Sold,030012964,,"",$110.00,$550.00,"$1,650.00","$4,200.00","",1069 - 4.5 Quart,"",2134,"","","","","",7610C592,"","","","",
312948216,DZ4 - Sold,12/18/2017,Primary,6706.0,mi,FALSE,,Purchase Detail #1240740,03/08/2023 12:53:27 PM,11/07/2024 01:42:26 PM,,2004,Komatsu,D65EX-15,,Car,Sold,KMT0D060L01067323,,"",$350.00,"$1,400.00","$4,800.00","$14,400.00","","","","","","","","","","","","","","",
289322244,SW2,08/05/2016,Primary,621.0,hr,FALSE,,Purchase Detail #1167452,01/05/2023 03:36:52 PM,03/08/2023 12:56:13 PM,,2000,Laymore,8HC,,Sweeper,Active,27499-004,,"",$50.00,$200.00,$800.00,"$2,400.00","","",3390,"","","","","","","","","","","",
312948221,ST4 - Sold,07/28/2016,Primary,124883.0,mi,FALSE,,Purchase Detail #1240743,03/08/2023 12:53:29 PM,11/07/2024 02:07:57 PM,,2007,International,4300,,Car,Sold,1HTMMAALO7H527720,,"",$125.00,$500.00,"$1,800.00","$6,000.00","","","","","","","","","","","","","","",
289327067,BH4,06/16/2016,Primary,4432.0,hr,FALSE,,Purchase Detail #1167474,01/05/2023 04:09:38 PM,03/08/2023 12:56:14 PM,,2006,John Deere,310SG,,Backhoe,Active,TO310SG960924,,"",$77.50,$310.00,"$1,220.00","$3,660.00","",7750S - 3.25 Gal,3668,6562,6569,"","",7624,7201,"","","","","",
312948227,WT2 - Sold,06/04/2016,Primary,121245.0,mi,FALSE,,Purchase Detail #1240747,03/08/2023 12:53:30 PM,11/07/2024 02:09:49 PM,,1984,International,S2375,,Car,Sold,1HTDA2379EHA16845,,"",$72.56,$290.24,"$1,165.00","$3,485.00","","","","","","","","","","","","","","",
289322171,EX10 - Sold,05/20/2016,Primary,6800.0,hr,FALSE,,Purchase Detail #1167417,01/05/2023 03:36:34 PM,09/09/2025 10:49:03 AM,,2011,Caterpillar,345DL,,Excavator,Sold,CAT0345DEEEH01123,,"",$313.00,"$1,250.00","$5,000.00","$15,000.00","",CAT 1R-1808,CAT 1R-0755 / 3607 / 3685,CAT 142-1340,CAT 142-1403,"","","","","","","","","",
289322257,WL5,04/29/2016,Primary,1625.0,hr,FALSE,,Purchase Detail #1167456,01/05/2023 03:36:54 PM,03/08/2023 12:56:13 PM,,2011,Caterpillar,289C,,Wheel Loader,Active,CAT0289CVJMP01979,,"",$56.25,$225.00,$875.00,"$2,615.00","",7106,600053,6562,"","","","","","","","","","",
289322255,WL3,04/29/2016,Primary,5341.0,hr,FALSE,,Purchase Detail #1167455,01/05/2023 03:36:54 PM,03/08/2023 12:56:13 PM,,2008,John Deere,544J,,Wheel Loader,Active,DW544JZ619585,,"",$187.00,$748.00,"$3,019.00","$8,738.00","",7750S,"3248, 3977, 3978",600104,"","","","","","","","","","",
289327086,FL5,04/26/2016,Primary,3548.0,hr,FALSE,,Purchase Detail #1167484,01/05/2023 04:09:43 PM,03/08/2023 12:56:14 PM,,2013,JLG,G12-55A,,Forklift,Active,160048663,,"",$96.00,$550.00,"$1,536.00","$5,376.00","",7182,Fleetguard FF 63009,AF55021,AF55312,"","","","","","","","","",
312948209,ME4 - Sold,04/01/2016,Primary,0.0,mi,FALSE,,Purchase Detail #1240736,03/08/2023 12:53:25 PM,11/07/2024 01:51:41 PM,,2016,Kubota,U55-4R3AP,,Car,Sold,65642,,"",$92.00,$365.00,"$1,351.00","$4,043.00","","","","","","","","","","","","","","",
312948224,SW1 - Sold,03/25/2016,Primary,2800.0,mi,FALSE,,Purchase Detail #1240745,03/08/2023 12:53:29 PM,11/07/2024 02:08:23 PM,,1992,,RB 38,,Car,Sold,32409,,"",$50.00,$200.00,$800.00,"$2,400.00","","","","","","","","","","","","","","",
289327099,RL6,03/25/2016,Primary,1944.0,hr,FALSE,,Purchase Detail #1167493,01/05/2023 04:09:46 PM,03/08/2023 12:56:15 PM,,2008,Caterpillar,CS56,,Roller,Active,C5S00381,,"",$131.00,$525.00,"$2,090.00","$6,270.00","",7325,"3606, 3076",9783,9782,326-1644,"",(2) 1G-8878,"","","","","","",
289322180,EX9 - Sold,03/25/2016,Primary,2390.0,hr,FALSE,,Purchase Detail #1167422,01/05/2023 03:36:37 PM,11/07/2024 01:33:29 PM,,2008,Komatsu,PC228US-3,,Excavator,Sold,KMTPC161K02041940,,"",$187.00,$748.00,"$3,019.00","$8,738.00","",7136,"3697, 3242",6744,6782,"","","","","","","","","",
289327076,DZ3 - Sold,02/29/2016,Primary,6845.0,hr,FALSE,,Purchase Detail #1167479,01/05/2023 04:09:40 PM,11/01/2023 03:37:25 PM,,2001,John Deere,650-H LGP,,Bulldozer,Sold,T0650HX892466,,"",$350.00,"","$4,800.00","$14,400.00","",7243,"600, 091, 600, 087",2033,2034,"","","",1994,"","","","","",
289327100,VT1 - Sold,01/07/2016,Primary,76106.0,mi,FALSE,,Purchase Detail #1167494,01/05/2023 04:09:47 PM,11/01/2023 03:38:08 PM,,2002,Peterbilt,320,,Vactor Truck,Sold,1NPZLT0X52D713641,,"",$200.00,"$1,000.00","$3,000.00","$9,000.00","",1792XE,"3406, 3674",2546,2547,"","","","","","","","","",
289322194,MG1,09/22/2015,Primary,3900.0,hr,FALSE,,Purchase Detail #1167428,01/05/2023 03:36:40 PM,05/13/2026 01:25:09 PM,,1982,John Deere,570A,,Motor Grader,Sold,34621,,"",$188.00,$750.00,"$3,000.00","$9,000.00","",1243,"3118, 3370","","","","","","","","","","","$17,500",05/12/2026
289322203,PU6 - Sold,08/19/2015,Primary,9501.0,mi,FALSE,,Purchase Detail #1167431,01/05/2023 03:36:41 PM,09/09/2025 10:49:03 AM,Fleet,2014,Ford,F150,XL,Pickup,Sold,1FTNF1CFXEKD16575,,"","",$150.00,$441.43,"$1,044.00","","","","","","","","","","","","","","",
289322179,EX8 - Sold,07/25/2015,Primary,7699.0,hr,FALSE,,Purchase Detail #1167421,01/05/2023 03:36:36 PM,11/07/2024 01:32:50 PM,,2007,Hitachi,ZX200LC,,Excavator,Sold,FF01G6Q312330,,"",$187.00,$748.00,"$3,019.00","$8,738.00","",7259 - 6 Gal,3343,6776,6777,"","","","","","","","","",
299656297,WL1,03/27/2015,Primary,8434.0,hr,FALSE,,Manual,01/31/2023 10:50:12 AM,03/08/2023 12:56:36 PM,,2008,John Deere,624J,,Wheel Loader,Active,DW624JZ617237,,"",$187.00,$748.00,"$3,019.00","$8,738.00","",7750S - 6 Gal,3977 / 3978,6922,6923,"","","","","","","","","",
289322152,AD1 - SOLD,12/18/2014,Primary,7663.0,mi,FALSE,,Purchase Detail #1167409,01/05/2023 03:36:30 PM,02/19/2025 01:49:34 PM,,2005,Volvo,A30D,,Articulated Dump Truck,Sold,A30DV73296,,"",$250.00,"$1,000.00","$4,000.00","$12,000.00","","(2) 1791, (1) 1660 - 10 Gal",3721 & 3782,6770,6771,"",4196,"","","","","","","",
312948169,AD2 - Sold,10/28/2014,Primary,3819.0,mi,FALSE,,Purchase Detail #1240717,03/08/2023 12:53:15 PM,11/07/2024 01:38:30 PM,,2006,Case,340B,,Car,Sold,HH00340BN6PG58025,,"",$313.00,"$1,250.00","$5,000.00","$15,000.00","","","","","","","","","","","","","","",
296829966,CR1,10/27/2014,Primary,5886.0,hr,FALSE,,Purchase Detail #1190199,01/23/2023 02:05:34 PM,03/08/2023 12:56:15 PM,,2003,Grove,RT600E,,Crane,Active,223293,,"",$248.00,$994.00,"$4,954.00","$11,880.00","",7620,3682,"","","","","","","","","","","",
289327084,FL4,10/22/2014,Primary,3278.0,hr,FALSE,,Purchase Detail #1167483,01/05/2023 04:09:42 PM,03/08/2023 12:56:14 PM,,2008,Skytrack,10042,,Forklift,Active,160036322,,"",$137.50,$550.00,"$1,408.00","$4,928.00","",7182,"3397, 3732",2330,2816,"","",PT9342,BT8415,"","","","","",
289327097,RL5,10/16/2014,Primary,3099.0,hr,FALSE,,Purchase Detail #1167492,01/05/2023 04:09:46 PM,03/08/2023 12:56:15 PM,,2012,Sakai,SV510TF-III,,Roller,Active,VSV21-10204,,"",$131.00,$525.00,"$2,090.00","$6,270.00","",7182,"3732, 3682",2330,2331,"","","","","","","","","",
295345329,SL3 - Sold,07/01/2014,Primary,273.0,hr,FALSE,,Manual,01/19/2023 01:36:31 PM,11/07/2024 02:11:22 PM,,2005,JLG,1930ES,,Scissor Lift,Sold,200136936,,"",$48.50,$194.00,$388.00,"$1,034.00","","","","","","","","","","","","","","",
289322175,EX7 - Sold,01/14/2014,Primary,5746.0,hr,FALSE,,Purchase Detail #1167420,01/05/2023 03:36:35 PM,11/07/2024 01:31:39 PM,,2006,John Deere,135C RTS,,Excavator,Sold,FF135CX300780,,"","",$530.00,"$2,121.00","$6,340.00","",7259 - 4 Gal,3386,6562,6569,"","","","","","","","","",
289327073,DT3 - Sold,05/20/2013,Primary,14892.0,mi,FALSE,,Purchase Detail #1167477,01/05/2023 04:09:39 PM,11/01/2023 03:35:24 PM,,1991,Kenworth,T800,,Dump Truck,Sold,1NKDLB9X9MS562587,,"",$124.00,$497.00,"$1,980.00","$5,940.00","",1792 - 9 Gal,"3384, 3352",6883,"","","","","","","",16005,"","",
289327102,WL2,05/17/2013,Primary,1589.0,hr,FALSE,,Purchase Detail #1167496,01/05/2023 04:09:48 PM,03/08/2023 12:56:36 PM,,2003,Bobcat,S175,,Wheel Loader,Active,517628573,,"",$56.25,$225.00,$875.00,"$2,615.00","",1521,3192,"","","","","","",Bobcat #6732416,"","","","",
289322187,ME3 - Sold,05/17/2013,Primary,2851.0,hr,FALSE,,Purchase Detail #1167424,01/05/2023 03:36:38 PM,11/07/2024 01:51:10 PM,,2006,Bobcat,435,,Mini Excavator,Sold,563212360,,"",$92.00,$365.00,"$1,351.00","$4,043.00","",1521 - 8 Quarts,3192,6672,6671,"","",1494,"","","","","","",
289322172,EX6 - Sold,05/17/2013,Primary,7520.0,hr,FALSE,,Purchase Detail #1167419,01/05/2023 03:36:35 PM,11/01/2023 03:39:04 PM,,2004,Hitachi,ZX330LC,,Excavator,Sold,HCM1HH00V00032886,,"",$274.00,"$1,095.00","$4,417.00","$12,784.00","",7259,3352,2803,2804,"","",FYA00016055,"","","","","","",
289322238,ST3 - Sold,05/07/2013,Primary,356840.0,mi,FALSE,,Purchase Detail #1167449,01/05/2023 03:36:50 PM,11/07/2024 02:09:22 PM,Fleet,2003,Chevrolet,Kodiak C4500,,Service Truck,Sold,1GBC4E1153F512204,,"",$95.00,$395.00,"$1,390.00","$3,910.00","",7202,"","","","","","","","","","","","",
289327096,RL4,03/16/2013,Primary,786.0,hr,FALSE,,Purchase Detail #1167491,01/05/2023 04:09:46 PM,03/08/2023 12:56:14 PM,,1999,Beuthling,B350,,Roller,Ready for Auction,135,,"",$56.25,$225.00,$875.00,"$2,615.00","",1064,3390,"","","","","","","","","","","",
289322228,SL7,03/16/2013,Primary,1866.0,hr,FALSE,,Purchase Detail #1167445,01/05/2023 03:36:48 PM,03/08/2023 12:56:12 PM,,2002,Genie,GS3268RT,Off Road 4x4,Scissor Lift,Active,40123,,"",$64.00,$358.00,$776.00,"$2,068.00","",7141,3012,6270,"","","","","","","","","","",
289327101,WL1,02/13/2013,Primary,6542.0,hr,FALSE,,Purchase Detail #1167495,01/05/2023 04:09:47 PM,03/08/2023 12:56:36 PM,,2008,John Deere,624J,,Wheel Loader,Active,DW624JZ617237,,"",$187.00,$748.00,"$3,019.00","$8,738.00","",7750S - 6 Gal,3977 / 3978,6922,6923,"","","","","","","","","",
289322211,RL3,01/10/2013,Primary,15.0,hr,FALSE,,Purchase Detail #1167436,01/05/2023 03:36:44 PM,03/08/2023 12:56:11 PM,,2007,Multiquip,MRH800DS,,Roller,Active,P4448,,"",$39.00,$155.00,$605.00,"$1,800.00","","","","","","","","","","","","","","",
289322221,SL2,12/31/2012,Primary,255.0,hr,FALSE,,Purchase Detail #1167440,01/05/2023 03:36:46 PM,03/08/2023 12:56:11 PM,,2005,JLG,1930ES,,Scissor Lift,Active,200143219,,"",$48.50,$194.00,$388.00,"$1,034.00","","","","","","","","","","","","","","",
289322222,SL3 - Sold,12/27/2012,Primary,241.0,hr,FALSE,,Purchase Detail #1167441,01/05/2023 03:36:47 PM,11/07/2024 02:11:22 PM,,2005,JLG,1930ES,,Scissor Lift,Sold,200136936,,"",$48.50,$194.00,$388.00,"$1,034.00","","","","","","","","","","","","","","",
312948217,FL1 - Sold,12/06/2012,Primary,3931.0,mi,FALSE,,Purchase Detail #1240741,03/08/2023 12:53:28 PM,11/07/2024 01:34:10 PM,,2004,Ingersoll Rand,VR1056C,,Car,Sold,176856,,"",$96.00,$384.00,"$1,536.00","$5,376.00","","","","","","","","","","","","","","",
312948195,EX4 - Sold,08/25/2012,Primary,8500.0,mi,FALSE,,Purchase Detail #1240731,03/08/2023 12:53:23 PM,08/28/2024 12:54:14 PM,,1995,John Deere,200LC,,Car,Sold,FF0200X050001,,"",$187.00,$748.00,"$3,019.00","$8,738.00","","","","","","","","","","","","","","",
289322154,BH1,12/20/2011,Primary,1421.0,hr,FALSE,,Purchase Detail #1167410,01/05/2023 03:36:30 PM,03/08/2023 12:56:23 PM,,2007,Caterpillar,420E,,Backhoe,Active,CAT0420ECHLS04735,,"",$92.00,$365.00,"$1,351.00","$4,043.00","",1459,3609,9108,9109,"","","","","","","","","",
289322220,SL1 - Sold,09/21/2011,Primary,239.0,hr,FALSE,,Purchase Detail #1167439,01/05/2023 03:36:46 PM,11/07/2024 02:10:55 PM,,2005,JLG,1930ES,,Scissor Lift,Sold,200134238,,"",$48.50,$194.00,$388.00,"$1,034.00","","","","","","","","","","","","","","",
289322164,BL3,09/21/2011,Primary,2500.0,hr,FALSE,,Purchase Detail #1167413,01/05/2023 03:36:32 PM,03/08/2023 12:56:24 PM,,2003,JLG,400S,,Boom Lift,Out of Service,300073534,,"",$90.00,$495.00,"$1,520.00","$3,128.00","",1516,"","","","","","","","","","","","",
289322161,BL2,09/21/2011,Primary,1200.0,hr,FALSE,,Purchase Detail #1167412,01/05/2023 03:36:32 PM,03/08/2023 12:56:24 PM,,2007,JLG,400S,,Boom Lift,Active,300108849,,"",$90.00,$495.00,"$1,520.00","$3,128.00","",1516,5833,2134,"","","","","","","","","","",
312948215,BL1 - Sold,09/10/2011,Primary,3500.0,mi,FALSE,,Purchase Detail #1240739,03/08/2023 12:53:27 PM,11/07/2024 01:39:16 PM,,1999,Snorkel,,,Car,Sold,,,"","",$524.00,"$1,571.00","$4,712.00","","","","","","","","","","","","","","",
289327091,PU2 - Sold,04/19/2011,Primary,12000.0,mi,FALSE,,Purchase Detail #1167488,01/05/2023 04:09:44 PM,11/07/2024 01:58:39 PM,Fleet,2008,Chevrolet,Silverado 1500,Work Truck,Pickup,Sold,1GCEC14X68Z292951,,"",$125.00,$367.00,$367.86,$870.00,"","","","","","","","","","","","","","",
312948203,ME1 - Sold,03/09/2011,Primary,5640.0,mi,FALSE,,Purchase Detail #1240734,03/08/2023 12:53:24 PM,11/07/2024 01:49:32 PM,,2006,Caterpillar,308C CR,,Car,Sold,CAT0308 CCKCX01317,,"",$102.00,$415.00,"$1,680.00","$5,032.00","","","","","","","","","","","","","","",
312948193,EX3 - Sold,12/09/2010,Primary,3318.0,mi,FALSE,,Purchase Detail #1240730,03/08/2023 12:53:22 PM,08/28/2024 12:54:14 PM,,2000,Caterpillar,320CU,,Car,Sold,APA00162,,"",$187.00,$748.00,"$3,019.00","$8,738.00","","","","","","","","","","","","","","",
289327068,DT1,12/09/2010,Primary,145584.0,mi,FALSE,,Purchase Detail #1167475,01/05/2023 04:09:38 PM,03/08/2023 12:56:13 PM,Fleet,2007,Kenworth,W900,,Dump Truck,Active,1NKWXB0X07R159782,,"",$131.00,$525.00,"$2,090.00","$5,940.00","",1792 - 9 Gal,3412 & 3674,"","","",4070,"","","","","","","",
312948219,RL1 - Sold,03/04/2010,Primary,3500.0,mi,FALSE,,Purchase Detail #1240742,03/08/2023 12:53:28 PM,11/07/2024 02:07:28 PM,,2002,Ingersoll Rand,SD175D,,Car,Sold,167320,,"",$131.00,$525.00,"$2,090.00","$6,270.00","","","","","","","","","","","","","","",
312948181,DZ1 - Sold,03/04/2010,Primary,2174.0,mi,FALSE,,Purchase Detail #1240723,03/08/2023 12:53:19 PM,11/07/2024 01:41:28 PM,,1997,Caterpillar,D5M LGP,,Car,Sold,3CR00318,,"",$175.00,$700.00,"$2,400.00","$7,200.00","","","","","","","","","","","","","","",
312948223,ST2 - Sold,02/10/2010,Primary,62000.0,mi,FALSE,,Purchase Detail #1240744,03/08/2023 12:53:29 PM,11/07/2024 02:07:05 PM,,2002,Ford,F550 w 7.3L(which is the biggest and best engine for that rig),,Car,Sold,1FDAF56F92EC20203,,"",$72.56,$290.24,"$1,165.00","$3,485.00","","","","","","","","","","","","","","",
312948189,EX1 - Sold,12/10/2009,Primary,13000.0,mi,FALSE,,Purchase Detail #1240728,03/08/2023 12:53:21 PM,08/28/2024 12:54:13 PM,,1996,Hitachi,EX300LC,,Car,Sold,15M11183,,"",$248.75,$995.00,"$4,015.00","$11,622.00","","","","","","","","","","","","","","",
289322237,ST1 - Sold,07/18/2008,Primary,0.0,mi,FALSE,,Purchase Detail #1167448,01/05/2023 03:36:49 PM,09/09/2025 11:01:58 AM,Fleet,2007,GMC,TopKick C4500,,Service Truck,Sold,1GDE4C1277F408235,,"",$102.00,$415.00,"$1,680.00","$5,032.00","",7202,3960,"","","","","","","","","","","",
289322199,PU4 - Sold,10/28/2007,Primary,0.0,mi,FALSE,,Purchase Detail #1167430,01/05/2023 03:36:41 PM,11/07/2024 01:53:53 PM,,2007,Toyota,Tundra,Limited,Pickup,Sold,5TBDV58137S486008,,"","",$175.00,$515.00,"$1,218.00","","","","","","","","","","","","","","",
289322196,PU3,09/30/2007,Primary,0.0,mi,FALSE,,Purchase Detail #1167429,01/05/2023 03:36:40 PM,05/13/2026 01:22:30 PM,Fleet,2007,GMC,Sierra 1500,SLT,Pickup,Sold,3GTEK13M27G521148,,"","",$175.00,$515.00,"$1,218.00",13mm,"","","","","","","","","","","","","$5,300.00",05/12/2026
312948212,PU1 - Sold,09/28/2007,Primary,0.0,mi,FALSE,,Purchase Detail #1240738,03/08/2023 12:53:26 PM,11/07/2024 01:53:19 PM,,2008,Chevrolet,Silverado,,Car,Sold,1GCHK29K48E121660,,"","",$175.00,$515.00,"$1,218.00","","","","","","","","","","","","","","",
289327074,DZ2 - Sold,03/29/2007,Primary,1380.0,hr,FALSE,,Purchase Detail #1167478,01/05/2023 04:09:39 PM,11/07/2024 01:30:44 PM,,2004,Caterpillar,D4GXL,,Bulldozer,Sold,CAT00D4GCHYD00907,,"",$143.75,$575.00,"$1,900.00","$5,940.00","",1261,3609,"","","","","","","","","","","",
312948206,ME2 - Sold,11/16/2006,Primary,2066.0,mi,FALSE,,Purchase Detail #1240735,03/08/2023 12:53:25 PM,11/07/2024 01:50:44 PM,,2006,Kubota,KX1213R3S,,Car,Sold,32841,,"",$92.00,$365.00,"$1,351.00","$4,043.00","","","","","","","","","","","","","","",
312948191,EX2 - Sold,07/25/2006,Primary,14000.0,mi,FALSE,,Purchase Detail #1240729,03/08/2023 12:53:22 PM,08/28/2024 12:54:14 PM,,1996,Komatsu,PC200LC-6,,Car,Sold,A82471,,"",$187.00,$748.00,"$3,019.00","$8,738.00","","","","","","","","","","","","","","",
312948197,EX5 - Sold,05/31/2005,Primary,7815.0,mi,FALSE,,Purchase Detail #1240732,03/08/2023 12:53:23 PM,08/28/2024 12:54:14 PM,,1997,Hitachi,EX120LC-5,,Car,Sold,1E4-50142,,"",$117.55,$470.18,"$1,885.00","$5,635.00","","","","","","","","","","","","","","",
289327080,FL2 - Sold,08/19/2003,Primary,2695.0,hr,FALSE,,Purchase Detail #1167481,01/05/2023 04:09:41 PM,11/07/2024 01:34:53 PM,,2000,Skytrack,10042,,Forklift,Sold,13098,,"",$137.50,$550.00,"$1,408.00","$4,928.00","",1607,"3472, INLINE 3/8 3033",2321,6522,"","","","","","","","","",
289327082,FL3 - Sold,09/13/2002,Primary,4510.0,hr,FALSE,,Purchase Detail #1167482,01/05/2023 04:09:42 PM,09/09/2025 10:49:04 AM,,1998,JCB,506B,,Forklift,Sold,SLP506BOTEO576988,,"",$137.50,$550.00,"$1,200.00","$4,200.00","",1459,"","","",3472,"","","","","","","","",
312948171,BH2 - Sold,07/18/2002,Primary,7570.0,mi,FALSE,,Purchase Detail #1240718,03/08/2023 12:53:16 PM,11/07/2024 01:38:55 PM,,1998,John Deere,310SE,,Car,Sold,TO310SE851726,,"",$77.50,$310.00,"$1,220.00","$3,660.00","","","","","","","","","","","","","","",
289327092,PU5,07/06/1998,Primary,0.0,mi,FALSE,,Purchase Detail #1167489,01/05/2023 04:09:45 PM,03/08/2023 12:56:15 PM,Fleet,1998,Chevrolet,Z-71,K1500 Silverado,Pickup,Active,1GCEK19R5WR152125,,"","",$100.00,$294.29,$696.00,"",1036,"","","","","","","","","","","","",
312948174,BH3 - Sold,11/09/1997,Primary,3806.0,mi,FALSE,,Purchase Detail #1240719,03/08/2023 12:53:16 PM,08/28/2024 12:49:45 PM,,1996,John Deere,310E,,Car,Sold,T0310EX825815,,"",$77.50,$310.00,"$1,220.00","$3,660.00","","","","","","","","","","","","","","",
